grower_id,season,activity,concentration_mg/kg,body_weight_kg,hours_per_month_by_activity,si_by_activity_min_mg/hour,si_by_activity_max_mg/hour,si_by_activity_mg/hour,si_indoor_mg/hour,ef_method_3_outdoor,avg_daily_dose_method_3_outdoor
1,Spring,Harvesting,400.0,86.9,2.0,13.575,31.674999999999997,22.625,1.375,0.002736726874657909,6.840242545174888e-06
1,Spring,Preparing beds,400.0,86.9,6.0,36.2,54.3,45.25,1.375,0.008210180623973728,4.104145527104933e-05
1,Spring,Seeding,400.0,86.9,4.0,36.2,54.3,45.25,1.375,0.005473453749315818,2.7360970180699554e-05
1,Spring,Transplanting,400.0,86.9,8.0,81.45,99.55000000000001,90.5,1.375,0.010946907498631636,0.00010944388072279821
1,Spring,Watering,400.0,86.9,30.0,13.575,31.674999999999997,22.625,1.375,0.04105090311986864,0.00010260363817762334
1,Spring,Weeding,400.0,86.9,1.0,81.45,99.55000000000001,90.5,1.375,0.0013683634373289546,1.3680485090349777e-05
1,Summer,Harvesting,400.0,86.9,168.0,13.575,31.674999999999997,22.625,1.375,0.2298850574712644,0.0005745803737946906
1,Summer,Preparing beds,400.0,86.9,12.0,36.2,54.3,45.25,1.375,0.016420361247947456,8.208291054209866e-05
1,Summer,Seeding,400.0,86.9,1.5,36.2,54.3,45.25,1.375,0.002052545155993432,1.0260363817762333e-05
1,Summer,Transplanting,400.0,86.9,0.0,81.45,99.55000000000001,90.5,1.375,0.0,0.0
1,Summer,Watering,400.0,86.9,60.0,13.575,31.674999999999997,22.625,1.375,0.08210180623973728,0.00020520727635524669
1,Summer,Weeding,400.0,86.9,0.0,81.45,99.55000000000001,90.5,1.375,0.0,0.0
1,Fall,Harvesting,400.0,86.9,4.5,13.575,31.674999999999997,22.625,1.375,0.006157635467980296,1.53905457266435e-05
1,Fall,Preparing beds,400.0,86.9,4.0,36.2,54.3,45.25,1.375,0.005473453749315818,2.7360970180699554e-05
1,Fall,Seeding,400.0,86.9,6.0,36.2,54.3,45.25,1.375,0.008210180623973728,4.104145527104933e-05
1,Fall,Transplanting,400.0,86.9,0.0,81.45,99.55000000000001,90.5,1.375,0.0,0.0
1,Fall,Watering,400.0,86.9,1.0,13.575,31.674999999999997,22.625,1.375,0.0013683634373289546,3.420121272587444e-06
1,Fall,Weeding,400.0,86.9,0.0,81.45,99.55000000000001,90.5,1.375,0.0,0.0
1,Winter,Harvesting,400.0,86.9,0.0,13.575,31.674999999999997,22.625,1.375,0.0,0.0
1,Winter,Preparing beds,400.0,86.9,16.0,36.2,54.3,45.25,1.375,0.021893814997263273,0.00010944388072279821
1,Winter,Seeding,400.0,86.9,2.0,36.2,54.3,45.25,1.375,0.002736726874657909,1.3680485090349777e-05
1,Winter,Transplanting,400.0,86.9,0.0,81.45,99.55000000000001,90.5,1.375,0.0,0.0
1,Winter,Watering,400.0,86.9,60.0,13.575,31.674999999999997,22.625,1.375,0.08210180623973728,0.00020520727635524669
1,Winter,Weeding,400.0,86.9,0.0,81.45,99.55000000000001,90.5,1.375,0.0,0.0
2,Winter,Harvesting,400.0,73.6,64.0,13.575,31.674999999999997,22.625,1.375,0.08757525998905309,0.0002584422074676948
2,Winter,Preparing beds,400.0,73.6,25.0,36.2,54.3,45.25,1.375,0.034209085933223866,0.00020190797458413654
2,Winter,Seeding,400.0,73.6,18.0,36.2,54.3,45.25,1.375,0.024630541871921183,0.0001453737417005783
2,Winter,Transplanting,400.0,73.6,27.0,81.45,99.55000000000001,90.5,1.375,0.03694581280788178,0.0004361212251017349
2,Winter,Watering,400.0,73.6,48.0,13.575,31.674999999999997,22.625,1.375,0.06568144499178982,0.00019383165560077104
2,Winter,Weeding,400.0,73.6,75.0,81.45,99.55000000000001,90.5,1.375,0.10262725779967159,0.001211447847504819
2,Spring,Harvesting,400.0,73.6,64.0,13.575,31.674999999999997,22.625,1.375,0.08757525998905309,0.0002584422074676948
2,Spring,Preparing beds,400.0,73.6,45.0,36.2,54.3,45.25,1.375,0.06157635467980296,0.0003634343542514457
2,Spring,Seeding,400.0,73.6,40.0,36.2,54.3,45.25,1.375,0.05473453749315819,0.0003230527593346185
2,Spring,Transplanting,400.0,73.6,150.0,81.45,99.55000000000001,90.5,1.375,0.20525451559934318,0.002422895695009638
2,Spring,Watering,400.0,73.6,14.0,13.575,31.674999999999997,22.625,1.375,0.019157088122605366,5.653423288355824e-05
2,Spring,Weeding,400.0,73.6,50.0,81.45,99.55000000000001,90.5,1.375,0.06841817186644773,0.0008076318983365462
2,Summer,Harvesting,400.0,73.6,96.0,13.575,31.674999999999997,22.625,1.375,0.13136288998357964,0.0003876633112015421
2,Summer,Preparing beds,400.0,73.6,27.5,36.2,54.3,45.25,1.375,0.03762999452654625,0.00022209877204255017
2,Summer,Seeding,400.0,73.6,10.0,36.2,54.3,45.25,1.375,0.013683634373289547,8.076318983365463e-05
2,Summer,Transplanting,400.0,73.6,10.0,81.45,99.55000000000001,90.5,1.375,0.013683634373289547,0.00016152637966730925
2,Summer,Watering,400.0,73.6,165.0,13.575,31.674999999999997,22.625,1.375,0.2257799671592775,0.0006662963161276506
2,Summer,Weeding,400.0,73.6,72.0,81.45,99.55000000000001,90.5,1.375,0.09852216748768473,0.0011629899336046265
2,Fall,Harvesting,400.0,73.6,32.0,13.575,31.674999999999997,22.625,1.375,0.043787629994526546,0.0001292211037338474
2,Fall,Preparing beds,400.0,73.6,30.0,36.2,54.3,45.25,1.375,0.04105090311986864,0.00024228956950096388
2,Fall,Seeding,400.0,73.6,2.0,36.2,54.3,45.25,1.375,0.002736726874657909,1.6152637966730923e-05
2,Fall,Transplanting,400.0,73.6,10.0,81.45,99.55000000000001,90.5,1.375,0.013683634373289547,0.00016152637966730925
2,Fall,Watering,400.0,73.6,75.0,13.575,31.674999999999997,22.625,1.375,0.10262725779967159,0.00030286196187620474
2,Fall,Weeding,400.0,73.6,40.0,81.45,99.55000000000001,90.5,1.375,0.05473453749315819,0.000646105518669237
3,Spring,Harvesting,400.0,84.0,0.0,13.575,31.674999999999997,22.625,1.375,0.0,0.0
3,Spring,Preparing beds,400.0,84.0,7.0,36.2,54.3,45.25,1.375,0.009578544061302683,4.9534756431308165e-05
3,Spring,Seeding,400.0,84.0,24.0,36.2,54.3,45.25,1.375,0.03284072249589491,0.00016983345062162794
3,Spring,Transplanting,400.0,84.0,14.0,81.45,99.55000000000001,90.5,1.375,0.019157088122605366,0.00019813902572523266
3,Spring,Watering,400.0,84.0,10.0,13.575,31.674999999999997,22.625,1.375,0.013683634373289547,3.538196887950583e-05
3,Spring,Weeding,400.0,84.0,0.0,81.45,99.55000000000001,90.5,1.375,0.0,0.0
3,Summer,Harvesting,400.0,84.0,10.0,13.575,31.674999999999997,22.625,1.375,0.013683634373289547,3.538196887950583e-05
3,Summer,Preparing beds,400.0,84.0,0.0,36.2,54.3,45.25,1.375,0.0,0.0
3,Summer,Seeding,400.0,84.0,1.0,36.2,54.3,45.25,1.375,0.0013683634373289546,7.076393775901166e-06
3,Summer,Transplanting,400.0,84.0,0.5,81.45,99.55000000000001,90.5,1.375,0.0006841817186644773,7.076393775901166e-06
3,Summer,Watering,400.0,84.0,0.0,13.575,31.674999999999997,22.625,1.375,0.0,0.0
3,Summer,Weeding,400.0,84.0,8.0,81.45,99.55000000000001,90.5,1.375,0.010946907498631636,0.00011322230041441865
4,Spring,Harvesting,400.0,87.4,0.0,13.575,31.674999999999997,22.625,1.375,0.0,0.0
4,Spring,Preparing beds,400.0,87.4,40.0,36.2,54.3,45.25,1.375,0.05473453749315819,0.0002720444289133629
4,Spring,Seeding,400.0,87.4,6.0,36.2,54.3,45.25,1.375,0.008210180623973728,4.080666433700443e-05
4,Spring,Transplanting,400.0,87.4,28.0,81.45,99.55000000000001,90.5,1.375,0.03831417624521073,0.000380862200478708
4,Spring,Watering,400.0,87.4,17.5,13.575,31.674999999999997,22.625,1.375,0.023946360153256706,5.950971882479812e-05
4,Spring,Weeding,400.0,87.4,24.0,81.45,99.55000000000001,90.5,1.375,0.03284072249589491,0.00032645331469603544
4,Fall,Harvesting,400.0,87.4,0.33333,13.575,31.674999999999997,22.625,1.375,0.0004561165845648605,1.1335071186211407e-06
4,Fall,Preparing beds,400.0,87.4,8.0,36.2,54.3,45.25,1.375,0.010946907498631636,5.4408885782672564e-05
4,Fall,Seeding,400.0,87.4,1.0,36.2,54.3,45.25,1.375,0.0013683634373289546,6.8011107228340705e-06
4,Fall,Transplanting,400.0,87.4,0.0,81.45,99.55000000000001,90.5,1.375,0.0,0.0
4,Fall,Watering,400.0,87.4,0.99999,13.575,31.674999999999997,22.625,1.375,0.0013683497536945814,3.400521355863422e-06
4,Fall,Weeding,400.0,87.4,15.0,81.45,99.55000000000001,90.5,1.375,0.02052545155993432,0.00020403332168502216
4,Winter,Harvesting,400.0,87.4,4.0,13.575,31.674999999999997,22.625,1.375,0.005473453749315818,1.3602221445668141e-05
4,Winter,Preparing beds,400.0,87.4,0.0,36.2,54.3,45.25,1.375,0.0,0.0
4,Winter,Seeding,400.0,87.4,0.0,36.2,54.3,45.25,1.375,0.0,0.0
4,Winter,Transplanting,400.0,87.4,0.0,81.45,99.55000000000001,90.5,1.375,0.0,0.0
4,Winter,Watering,400.0,87.4,0.83333,13.575,31.674999999999997,22.625,1.375,0.0011402983032293378,2.8337847993296588e-06
4,Winter,Weeding,400.0,87.4,0.08333333,81.45,99.55000000000001,90.5,1.375,0.0001140302818828681,1.1335184084649403e-06
5,Spring,Harvesting,400.0,73.9,2.0,13.575,31.674999999999997,22.625,1.375,0.002736726874657909,8.043532844055451e-06
5,Spring,Preparing beds,400.0,73.9,8.0,36.2,54.3,45.25,1.375,0.010946907498631636,6.434826275244361e-05
5,Spring,Seeding,400.0,73.9,12.0,36.2,54.3,45.25,1.375,0.016420361247947456,9.65223941286654e-05
5,Spring,Transplanting,400.0,73.9,8.0,81.45,99.55000000000001,90.5,1.375,0.010946907498631636,0.00012869652550488722
5,Spring,Watering,400.0,73.9,60.0,13.575,31.674999999999997,22.625,1.375,0.08210180623973728,0.00024130598532166357
5,Spring,Weeding,400.0,73.9,10.0,81.45,99.55000000000001,90.5,1.375,0.013683634373289547,0.00016087065688110902
5,Summer,Harvesting,400.0,73.9,12.0,13.575,31.674999999999997,22.625,1.375,0.016420361247947456,4.82611970643327e-05
5,Summer,Preparing beds,400.0,73.9,6.0,36.2,54.3,45.25,1.375,0.008210180623973728,4.82611970643327e-05
5,Summer,Seeding,400.0,73.9,0.0,36.2,54.3,45.25,1.375,0.0,0.0
5,Summer,Transplanting,400.0,73.9,4.0,81.45,99.55000000000001,90.5,1.375,0.005473453749315818,6.434826275244361e-05
5,Summer,Watering,400.0,73.9,37.5,13.575,31.674999999999997,22.625,1.375,0.051313628899835796,0.0001508162408260397
5,Summer,Weeding,400.0,73.9,45.0,81.45,99.55000000000001,90.5,1.375,0.06157635467980296,0.0007239179559649906
5,Fall,Harvesting,400.0,73.9,4.0,13.575,31.674999999999997,22.625,1.375,0.005473453749315818,1.6087065688110903e-05
5,Fall,Preparing beds,400.0,73.9,10.0,36.2,54.3,45.25,1.375,0.013683634373289547,8.043532844055451e-05
5,Fall,Seeding,400.0,73.9,0.0,36.2,54.3,45.25,1.375,0.0,0.0
5,Fall,Transplanting,400.0,73.9,2.0,81.45,99.55000000000001,90.5,1.375,0.002736726874657909,3.2174131376221805e-05
5,Fall,Watering,400.0,73.9,30.0,13.575,31.674999999999997,22.625,1.375,0.04105090311986864,0.00012065299266083178
5,Fall,Weeding,400.0,73.9,20.0,81.45,99.55000000000001,90.5,1.375,0.027367268746579094,0.00032174131376221804
5,Winter,Harvesting,400.0,73.9,3.0,13.575,31.674999999999997,22.625,1.375,0.004105090311986864,1.2065299266083174e-05
5,Winter,Preparing beds,400.0,73.9,0.0,36.2,54.3,45.25,1.375,0.0,0.0
5,Winter,Seeding,400.0,73.9,0.0,36.2,54.3,45.25,1.375,0.0,0.0
5,Winter,Transplanting,400.0,73.9,0.0,81.45,99.55000000000001,90.5,1.375,0.0,0.0
5,Winter,Watering,400.0,73.9,0.0,13.575,31.674999999999997,22.625,1.375,0.0,0.0
5,Winter,Weeding,400.0,73.9,0.0,81.45,99.55000000000001,90.5,1.375,0.0,0.0
6,Summer,Harvesting,400.0,67.9,0.0,13.575,31.674999999999997,22.625,1.375,0.0,0.0
6,Summer,Preparing beds,400.0,67.9,4.0,36.2,54.3,45.25,1.375,0.005473453749315818,3.5017206313737714e-05
6,Summer,Seeding,400.0,67.9,0.0,36.2,54.3,45.25,1.375,0.0,0.0
6,Summer,Transplanting,400.0,67.9,1.0,81.45,99.55000000000001,90.5,1.375,0.0013683634373289546,1.7508603156868857e-05
6,Summer,Watering,400.0,67.9,7.5,13.575,31.674999999999997,22.625,1.375,0.01026272577996716,3.282863091912912e-05
6,Summer,Weeding,400.0,67.9,18.0,81.45,99.55000000000001,90.5,1.375,0.024630541871921183,0.00031515485682363954
6,Fall,Harvesting,400.0,67.9,4.0,13.575,31.674999999999997,22.625,1.375,0.005473453749315818,1.7508603156868857e-05
6,Fall,Preparing beds,400.0,67.9,0.0,36.2,54.3,45.25,1.375,0.0,0.0
6,Fall,Seeding,400.0,67.9,0.0,36.2,54.3,45.25,1.375,0.0,0.0
6,Fall,Transplanting,400.0,67.9,0.0,81.45,99.55000000000001,90.5,1.375,0.0,0.0
6,Fall,Watering,400.0,67.9,0.0,13.575,31.674999999999997,22.625,1.375,0.0,0.0
6,Fall,Weeding,400.0,67.9,10.0,81.45,99.55000000000001,90.5,1.375,0.013683634373289547,0.00017508603156868863
6,Winter,Harvesting,400.0,67.9,0.0,13.575,31.674999999999997,22.625,1.375,0.0,0.0
6,Winter,Preparing beds,400.0,67.9,0.0,36.2,54.3,45.25,1.375,0.0,0.0
6,Winter,Seeding,400.0,67.9,0.0,36.2,54.3,45.25,1.375,0.0,0.0
6,Winter,Transplanting,400.0,67.9,0.0,81.45,99.55000000000001,90.5,1.375,0.0,0.0
6,Winter,Watering,400.0,67.9,0.0,13.575,31.674999999999997,22.625,1.375,0.0,0.0
6,Winter,Weeding,400.0,67.9,0.0,81.45,99.55000000000001,90.5,1.375,0.0,0.0
6,Spring,Harvesting,400.0,67.9,10.0,13.575,31.674999999999997,22.625,1.375,0.013683634373289547,4.377150789217216e-05
6,Spring,Preparing beds,400.0,67.9,20.0,36.2,54.3,45.25,1.375,0.027367268746579094,0.00017508603156868863
6,Spring,Seeding,400.0,67.9,1.0,36.2,54.3,45.25,1.375,0.0013683634373289546,8.754301578434429e-06
6,Spring,Transplanting,400.0,67.9,2.0,81.45,99.55000000000001,90.5,1.375,0.002736726874657909,3.5017206313737714e-05
6,Spring,Watering,400.0,67.9,7.5,13.575,31.674999999999997,22.625,1.375,0.01026272577996716,3.282863091912912e-05
6,Spring,Weeding,400.0,67.9,120.0,81.45,99.55000000000001,90.5,1.375,0.16420361247947457,0.0021010323788242637
7,Spring,Harvesting,400.0,87.8,20.0,13.575,31.674999999999997,22.625,1.375,0.027367268746579094,6.770126163732324e-05
7,Spring,Preparing beds,400.0,87.8,300.0,36.2,54.3,45.25,1.375,0.41050903119868637,0.0020310378491196963
7,Spring,Seeding,400.0,87.8,30.0,36.2,54.3,45.25,1.375,0.04105090311986864,0.00020310378491196967
7,Spring,Transplanting,400.0,87.8,14.0,81.45,99.55000000000001,90.5,1.375,0.019157088122605366,0.00018956353258450505
7,Spring,Watering,400.0,87.8,20.0,13.575,31.674999999999997,22.625,1.375,0.027367268746579094,6.770126163732324e-05
7,Spring,Weeding,400.0,87.8,10.0,81.45,99.55000000000001,90.5,1.375,0.013683634373289547,0.00013540252327464648
7,Summer,Harvesting,400.0,87.8,14.0,13.575,31.674999999999997,22.625,1.375,0.019157088122605366,4.739088314612626e-05
7,Summer,Preparing beds,400.0,87.8,150.0,36.2,54.3,45.25,1.375,0.20525451559934318,0.0010155189245598481
7,Summer,Seeding,400.0,87.8,60.0,36.2,54.3,45.25,1.375,0.08210180623973728,0.00040620756982393934
7,Summer,Transplanting,400.0,87.8,100.0,81.45,99.55000000000001,90.5,1.375,0.13683634373289547,0.0013540252327464645
7,Summer,Watering,400.0,87.8,30.0,13.575,31.674999999999997,22.625,1.375,0.04105090311986864,0.00010155189245598484
7,Summer,Weeding,400.0,87.8,30.0,81.45,99.55000000000001,90.5,1.375,0.04105090311986864,0.00040620756982393934
7,Fall,Harvesting,400.0,87.8,10.0,13.575,31.674999999999997,22.625,1.375,0.013683634373289547,3.385063081866162e-05
7,Fall,Preparing beds,400.0,87.8,160.0,36.2,54.3,45.25,1.375,0.21893814997263275,0.0010832201861971718
7,Fall,Seeding,400.0,87.8,15.0,36.2,54.3,45.25,1.375,0.02052545155993432,0.00010155189245598484
7,Fall,Transplanting,400.0,87.8,45.0,81.45,99.55000000000001,90.5,1.375,0.06157635467980296,0.0006093113547359089
7,Fall,Watering,400.0,87.8,60.0,13.575,31.674999999999997,22.625,1.375,0.08210180623973728,0.00020310378491196967
7,Fall,Weeding,400.0,87.8,15.0,81.45,99.55000000000001,90.5,1.375,0.02052545155993432,0.00020310378491196967
7,Winter,Harvesting,400.0,87.8,10.0,13.575,31.674999999999997,22.625,1.375,0.013683634373289547,3.385063081866162e-05
7,Winter,Preparing beds,400.0,87.8,28.0,36.2,54.3,45.25,1.375,0.03831417624521073,0.00018956353258450505
7,Winter,Seeding,400.0,87.8,0.0,36.2,54.3,45.25,1.375,0.0,0.0
7,Winter,Transplanting,400.0,87.8,4.0,81.45,99.55000000000001,90.5,1.375,0.005473453749315818,5.4161009309858574e-05
7,Winter,Watering,400.0,87.8,0.0,13.575,31.674999999999997,22.625,1.375,0.0,0.0
7,Winter,Weeding,400.0,87.8,4.0,81.45,99.55000000000001,90.5,1.375,0.005473453749315818,5.4161009309858574e-05
8,Fall,Harvesting,400.0,70.2,36.0,13.575,31.674999999999997,22.625,1.375,0.04926108374384237,0.00015241463517325586
8,Fall,Preparing beds,400.0,70.2,0.0,36.2,54.3,45.25,1.375,0.0,0.0
8,Fall,Seeding,400.0,70.2,0.0,36.2,54.3,45.25,1.375,0.0,0.0
8,Fall,Transplanting,400.0,70.2,0.0,81.45,99.55000000000001,90.5,1.375,0.0,0.0
8,Fall,Watering,400.0,70.2,7.5,13.575,31.674999999999997,22.625,1.375,0.01026272577996716,3.175304899442831e-05
8,Fall,Weeding,400.0,70.2,0.0,81.45,99.55000000000001,90.5,1.375,0.0,0.0
8,Winter,Harvesting,400.0,70.2,5.0,13.575,31.674999999999997,22.625,1.375,0.0068418171866447735,2.116869932961887e-05
8,Winter,Preparing beds,400.0,70.2,0.0,36.2,54.3,45.25,1.375,0.0,0.0
8,Winter,Seeding,400.0,70.2,0.0,36.2,54.3,45.25,1.375,0.0,0.0
8,Winter,Transplanting,400.0,70.2,0.0,81.45,99.55000000000001,90.5,1.375,0.0,0.0
8,Winter,Watering,400.0,70.2,0.0,13.575,31.674999999999997,22.625,1.375,0.0,0.0
8,Winter,Weeding,400.0,70.2,0.0,81.45,99.55000000000001,90.5,1.375,0.0,0.0
8,Spring,Harvesting,400.0,70.2,8.0,13.575,31.674999999999997,22.625,1.375,0.010946907498631636,3.386991892739019e-05
8,Spring,Preparing beds,400.0,70.2,10.0,36.2,54.3,45.25,1.375,0.013683634373289547,8.467479731847548e-05
8,Spring,Seeding,400.0,70.2,2.5,36.2,54.3,45.25,1.375,0.0034209085933223867,2.116869932961887e-05
8,Spring,Transplanting,400.0,70.2,40.0,81.45,99.55000000000001,90.5,1.375,0.05473453749315819,0.0006773983785478038
8,Spring,Watering,400.0,70.2,30.0,13.575,31.674999999999997,22.625,1.375,0.04105090311986864,0.00012701219597771325
8,Spring,Weeding,400.0,70.2,5.0,81.45,99.55000000000001,90.5,1.375,0.0068418171866447735,8.467479731847548e-05
8,Summer,Harvesting,400.0,70.2,125.0,13.575,31.674999999999997,22.625,1.375,0.17104542966611933,0.0005292174832404716
8,Summer,Preparing beds,400.0,70.2,10.0,36.2,54.3,45.25,1.375,0.013683634373289547,8.467479731847548e-05
8,Summer,Seeding,400.0,70.2,2.0,36.2,54.3,45.25,1.375,0.002736726874657909,1.6934959463695096e-05
8,Summer,Transplanting,400.0,70.2,0.0,81.45,99.55000000000001,90.5,1.375,0.0,0.0
8,Summer,Watering,400.0,70.2,0.8,13.575,31.674999999999997,22.625,1.375,0.0010946907498631637,3.3869918927390186e-06
8,Summer,Weeding,400.0,70.2,2.0,81.45,99.55000000000001,90.5,1.375,0.002736726874657909,3.386991892739019e-05
9,Spring,Harvesting,400.0,84.0,2.0,13.575,31.674999999999997,22.625,1.375,0.002736726874657909,7.076393775901166e-06
9,Spring,Preparing beds,400.0,84.0,5.0,36.2,54.3,45.25,1.375,0.0068418171866447735,3.538196887950583e-05
9,Spring,Seeding,400.0,84.0,2.0,36.2,54.3,45.25,1.375,0.002736726874657909,1.4152787551802331e-05
9,Spring,Transplanting,400.0,84.0,0.0,81.45,99.55000000000001,90.5,1.375,0.0,0.0
9,Spring,Watering,400.0,84.0,4.0,13.575,31.674999999999997,22.625,1.375,0.005473453749315818,1.4152787551802331e-05
9,Spring,Weeding,400.0,84.0,4.0,81.45,99.55000000000001,90.5,1.375,0.005473453749315818,5.6611150207209325e-05
9,Summer,Harvesting,400.0,84.0,4.0,13.575,31.674999999999997,22.625,1.375,0.005473453749315818,1.4152787551802331e-05
9,Summer,Preparing beds,400.0,84.0,2.5,36.2,54.3,45.25,1.375,0.0034209085933223867,1.7690984439752916e-05
9,Summer,Seeding,400.0,84.0,2.0,36.2,54.3,45.25,1.375,0.002736726874657909,1.4152787551802331e-05
9,Summer,Transplanting,400.0,84.0,0.0,81.45,99.55000000000001,90.5,1.375,0.0,0.0
9,Summer,Watering,400.0,84.0,2.0,13.575,31.674999999999997,22.625,1.375,0.002736726874657909,7.076393775901166e-06
9,Summer,Weeding,400.0,84.0,6.0,81.45,99.55000000000001,90.5,1.375,0.008210180623973728,8.491672531081397e-05
9,Fall,Harvesting,400.0,84.0,0.25,13.575,31.674999999999997,22.625,1.375,0.00034209085933223864,8.845492219876457e-07
9,Fall,Preparing beds,400.0,84.0,0.0,36.2,54.3,45.25,1.375,0.0,0.0
9,Fall,Seeding,400.0,84.0,0.0,36.2,54.3,45.25,1.375,0.0,0.0
9,Fall,Transplanting,400.0,84.0,0.0,81.45,99.55000000000001,90.5,1.375,0.0,0.0
9,Fall,Watering,400.0,84.0,0.0,13.575,31.674999999999997,22.625,1.375,0.0,0.0
9,Fall,Weeding,400.0,84.0,3.0,81.45,99.55000000000001,90.5,1.375,0.004105090311986864,4.2458362655406985e-05
9,Winter,Harvesting,400.0,84.0,0.0,13.575,31.674999999999997,22.625,1.375,0.0,0.0
9,Winter,Preparing beds,400.0,84.0,0.0,36.2,54.3,45.25,1.375,0.0,0.0
9,Winter,Seeding,400.0,84.0,0.0,36.2,54.3,45.25,1.375,0.0,0.0
9,Winter,Transplanting,400.0,84.0,0.0,81.45,99.55000000000001,90.5,1.375,0.0,0.0
9,Winter,Watering,400.0,84.0,0.0,13.575,31.674999999999997,22.625,1.375,0.0,0.0
9,Winter,Weeding,400.0,84.0,0.0,81.45,99.55000000000001,90.5,1.375,0.0,0.0
10,Spring,Harvesting,400.0,73.9,5.0,13.575,31.674999999999997,22.625,1.375,0.0068418171866447735,2.0108832110138627e-05
10,Spring,Preparing beds,400.0,73.9,7.5,36.2,54.3,45.25,1.375,0.01026272577996716,6.032649633041589e-05
10,Spring,Seeding,400.0,73.9,1.5,36.2,54.3,45.25,1.375,0.002052545155993432,1.2065299266083174e-05
10,Spring,Transplanting,400.0,73.9,1.5,81.45,99.55000000000001,90.5,1.375,0.002052545155993432,2.413059853216635e-05
10,Spring,Watering,400.0,73.9,12.0,13.575,31.674999999999997,22.625,1.375,0.016420361247947456,4.82611970643327e-05
10,Spring,Weeding,400.0,73.9,3.5,81.45,99.55000000000001,90.5,1.375,0.0047892720306513415,5.630472990838817e-05
10,Summer,Harvesting,400.0,73.9,0.75,13.575,31.674999999999997,22.625,1.375,0.001026272577996716,3.0163248165207936e-06
10,Summer,Preparing beds,400.0,73.9,2.0,36.2,54.3,45.25,1.375,0.002736726874657909,1.6087065688110903e-05
10,Summer,Seeding,400.0,73.9,1.0,36.2,54.3,45.25,1.375,0.0013683634373289546,8.043532844055451e-06
10,Summer,Transplanting,400.0,73.9,0.5,81.45,99.55000000000001,90.5,1.375,0.0006841817186644773,8.043532844055451e-06
10,Summer,Watering,400.0,73.9,0.0,13.575,31.674999999999997,22.625,1.375,0.0,0.0
10,Summer,Weeding,400.0,73.9,6.25,81.45,99.55000000000001,90.5,1.375,0.008552271483305967,0.00010054416055069315
10,Fall,Harvesting,400.0,73.9,7.5,13.575,31.674999999999997,22.625,1.375,0.01026272577996716,3.0163248165207946e-05
10,Fall,Preparing beds,400.0,73.9,7.5,36.2,54.3,45.25,1.375,0.01026272577996716,6.032649633041589e-05
10,Fall,Seeding,400.0,73.9,1.5,36.2,54.3,45.25,1.375,0.002052545155993432,1.2065299266083174e-05
10,Fall,Transplanting,400.0,73.9,1.5,81.45,99.55000000000001,90.5,1.375,0.002052545155993432,2.413059853216635e-05
10,Fall,Watering,400.0,73.9,15.0,13.575,31.674999999999997,22.625,1.375,0.02052545155993432,6.032649633041589e-05
10,Fall,Weeding,400.0,73.9,3.0,81.45,99.55000000000001,90.5,1.375,0.004105090311986864,4.82611970643327e-05
10,Winter,Harvesting,400.0,73.9,0.0,13.575,31.674999999999997,22.625,1.375,0.0,0.0
10,Winter,Preparing beds,400.0,73.9,1.0,36.2,54.3,45.25,1.375,0.0013683634373289546,8.043532844055451e-06
10,Winter,Seeding,400.0,73.9,0.0,36.2,54.3,45.25,1.375,0.0,0.0
10,Winter,Transplanting,400.0,73.9,0.0,81.45,99.55000000000001,90.5,1.375,0.0,0.0
10,Winter,Watering,400.0,73.9,2.5,13.575,31.674999999999997,22.625,1.375,0.0034209085933223867,1.0054416055069314e-05
10,Winter,Weeding,400.0,73.9,0.5,81.45,99.55000000000001,90.5,1.375,0.0006841817186644773,8.043532844055451e-06
11,Spring,Harvesting,400.0,70.2,4.0,13.575,31.674999999999997,22.625,1.375,0.005473453749315818,1.6934959463695096e-05
11,Spring,Preparing beds,400.0,70.2,30.0,36.2,54.3,45.25,1.375,0.04105090311986864,0.0002540243919554265
11,Spring,Seeding,400.0,70.2,2.0,36.2,54.3,45.25,1.375,0.002736726874657909,1.6934959463695096e-05
11,Spring,Transplanting,400.0,70.2,6.0,81.45,99.55000000000001,90.5,1.375,0.008210180623973728,0.00010160975678217055
11,Spring,Watering,400.0,70.2,30.0,13.575,31.674999999999997,22.625,1.375,0.04105090311986864,0.00012701219597771325
11,Spring,Weeding,400.0,70.2,2.0,81.45,99.55000000000001,90.5,1.375,0.002736726874657909,3.386991892739019e-05
11,Summer,Harvesting,400.0,70.2,72.0,13.575,31.674999999999997,22.625,1.375,0.09852216748768473,0.00030482927034651173
11,Summer,Preparing beds,400.0,70.2,0.0,36.2,54.3,45.25,1.375,0.0,0.0
11,Summer,Seeding,400.0,70.2,0.0,36.2,54.3,45.25,1.375,0.0,0.0
11,Summer,Transplanting,400.0,70.2,2.0,81.45,99.55000000000001,90.5,1.375,0.002736726874657909,3.386991892739019e-05
11,Summer,Watering,400.0,70.2,15.0,13.575,31.674999999999997,22.625,1.375,0.02052545155993432,6.350609798885662e-05
11,Summer,Weeding,400.0,70.2,0.0,81.45,99.55000000000001,90.5,1.375,0.0,0.0
11,Fall,Harvesting,400.0,70.2,12.0,13.575,31.674999999999997,22.625,1.375,0.016420361247947456,5.0804878391085275e-05
11,Fall,Preparing beds,400.0,70.2,0.0,36.2,54.3,45.25,1.375,0.0,0.0
11,Fall,Seeding,400.0,70.2,0.0,36.2,54.3,45.25,1.375,0.0,0.0
11,Fall,Transplanting,400.0,70.2,0.0,81.45,99.55000000000001,90.5,1.375,0.0,0.0
11,Fall,Watering,400.0,70.2,0.0,13.575,31.674999999999997,22.625,1.375,0.0,0.0
11,Fall,Weeding,400.0,70.2,0.0,81.45,99.55000000000001,90.5,1.375,0.0,0.0
11,Winter,Harvesting,400.0,70.2,0.0,13.575,31.674999999999997,22.625,1.375,0.0,0.0
11,Winter,Preparing beds,400.0,70.2,0.0,36.2,54.3,45.25,1.375,0.0,0.0
11,Winter,Seeding,400.0,70.2,0.0,36.2,54.3,45.25,1.375,0.0,0.0
11,Winter,Transplanting,400.0,70.2,0.0,81.45,99.55000000000001,90.5,1.375,0.0,0.0
11,Winter,Watering,400.0,70.2,0.0,13.575,31.674999999999997,22.625,1.375,0.0,0.0
11,Winter,Weeding,400.0,70.2,0.0,81.45,99.55000000000001,90.5,1.375,0.0,0.0
12,Spring,Harvesting,400.0,84.0,28.0,13.575,31.674999999999997,22.625,1.375,0.03831417624521073,9.906951286261633e-05
12,Spring,Preparing beds,400.0,84.0,30.0,36.2,54.3,45.25,1.375,0.04105090311986864,0.000212291813277035
12,Spring,Seeding,400.0,84.0,12.0,36.2,54.3,45.25,1.375,0.016420361247947456,8.491672531081397e-05
12,Spring,Transplanting,400.0,84.0,115.0,81.45,99.55000000000001,90.5,1.375,0.1573617952928298,0.0016275705684572683
12,Spring,Watering,400.0,84.0,80.0,13.575,31.674999999999997,22.625,1.375,0.10946907498631638,0.00028305575103604666
12,Spring,Weeding,400.0,84.0,20.0,81.45,99.55000000000001,90.5,1.375,0.027367268746579094,0.00028305575103604666
12,Summer,Harvesting,400.0,84.0,36.0,13.575,31.674999999999997,22.625,1.375,0.04926108374384237,0.00012737508796622097
12,Summer,Preparing beds,400.0,84.0,7.5,36.2,54.3,45.25,1.375,0.01026272577996716,5.307295331925875e-05
12,Summer,Seeding,400.0,84.0,2.0,36.2,54.3,45.25,1.375,0.002736726874657909,1.4152787551802331e-05
12,Summer,Transplanting,400.0,84.0,8.0,81.45,99.55000000000001,90.5,1.375,0.010946907498631636,0.00011322230041441865
12,Summer,Watering,400.0,84.0,60.0,13.575,31.674999999999997,22.625,1.375,0.08210180623973728,0.000212291813277035
12,Summer,Weeding,400.0,84.0,67.5,81.45,99.55000000000001,90.5,1.375,0.09236453201970445,0.0009553131597466573
12,Fall,Harvesting,400.0,84.0,8.333333325,13.575,31.674999999999997,22.625,1.375,0.011403028633004927,2.9484974036769885e-05
12,Fall,Preparing beds,400.0,84.0,27.0,36.2,54.3,45.25,1.375,0.03694581280788178,0.0001910626319493315
12,Fall,Seeding,400.0,84.0,3.0,36.2,54.3,45.25,1.375,0.004105090311986864,2.1229181327703493e-05
12,Fall,Transplanting,400.0,84.0,0.0,81.45,99.55000000000001,90.5,1.375,0.0,0.0
12,Fall,Watering,400.0,84.0,0.0,13.575,31.674999999999997,22.625,1.375,0.0,0.0
12,Fall,Weeding,400.0,84.0,12.0,81.45,99.55000000000001,90.5,1.375,0.016420361247947456,0.00016983345062162794
12,Winter,Harvesting,400.0,84.0,0.0,13.575,31.674999999999997,22.625,1.375,0.0,0.0
12,Winter,Preparing beds,400.0,84.0,49.0,36.2,54.3,45.25,1.375,0.06704980842911878,0.00034674329501915716
12,Winter,Seeding,400.0,84.0,0.0,36.2,54.3,45.25,1.375,0.0,0.0
12,Winter,Transplanting,400.0,84.0,0.0,81.45,99.55000000000001,90.5,1.375,0.0,0.0
12,Winter,Watering,400.0,84.0,0.0,13.575,31.674999999999997,22.625,1.375,0.0,0.0
12,Winter,Weeding,400.0,84.0,0.0,81.45,99.55000000000001,90.5,1.375,0.0,0.0
13,Summer,Harvesting,400.0,84.0,70.0,13.575,31.674999999999997,22.625,1.375,0.09578544061302682,0.00024767378215654083
13,Summer,Preparing beds,400.0,84.0,0.0,36.2,54.3,45.25,1.375,0.0,0.0
13,Summer,Seeding,400.0,84.0,0.0,36.2,54.3,45.25,1.375,0.0,0.0
13,Summer,Transplanting,400.0,84.0,0.0,81.45,99.55000000000001,90.5,1.375,0.0,0.0
13,Summer,Watering,400.0,84.0,3.33,13.575,31.674999999999997,22.625,1.375,0.004556650246305419,1.178219563687544e-05
13,Summer,Weeding,400.0,84.0,0.6,81.45,99.55000000000001,90.5,1.375,0.0008210180623973727,8.491672531081398e-06
13,Fall,Harvesting,400.0,84.0,1.0,13.575,31.674999999999997,22.625,1.375,0.0013683634373289546,3.538196887950583e-06
13,Fall,Preparing beds,400.0,84.0,0.333332,36.2,54.3,45.25,1.375,0.00045611932129173513,2.3587884901086876e-06
13,Fall,Seeding,400.0,84.0,0.016666667,36.2,54.3,45.25,1.375,2.2806057744937055e-05,1.1793989862381733e-07
13,Fall,Transplanting,400.0,84.0,0.0,81.45,99.55000000000001,90.5,1.375,0.0,0.0
13,Fall,Watering,400.0,84.0,0.0,13.575,31.674999999999997,22.625,1.375,0.0,0.0
13,Fall,Weeding,400.0,84.0,0.083333333,81.45,99.55000000000001,90.5,1.375,0.0001140302859879584,1.1793989579325983e-06
13,Winter,Harvesting,400.0,84.0,0.0,13.575,31.674999999999997,22.625,1.375,0.0,0.0
13,Winter,Preparing beds,400.0,84.0,0.0,36.2,54.3,45.25,1.375,0.0,0.0
13,Winter,Seeding,400.0,84.0,0.0,36.2,54.3,45.25,1.375,0.0,0.0
13,Winter,Transplanting,400.0,84.0,0.0,81.45,99.55000000000001,90.5,1.375,0.0,0.0
13,Winter,Watering,400.0,84.0,0.0,13.575,31.674999999999997,22.625,1.375,0.0,0.0
13,Winter,Weeding,400.0,84.0,0.0,81.45,99.55000000000001,90.5,1.375,0.0,0.0
13,Spring,Harvesting,400.0,84.0,1.25,13.575,31.674999999999997,22.625,1.375,0.0017104542966611934,4.422746109938229e-06
13,Spring,Preparing beds,400.0,84.0,2.0,36.2,54.3,45.25,1.375,0.002736726874657909,1.4152787551802331e-05
13,Spring,Seeding,400.0,84.0,0.25,36.2,54.3,45.25,1.375,0.00034209085933223864,1.7690984439752914e-06
13,Spring,Transplanting,400.0,84.0,1.0,81.45,99.55000000000001,90.5,1.375,0.0013683634373289546,1.4152787551802331e-05
13,Spring,Watering,400.0,84.0,3.0,13.575,31.674999999999997,22.625,1.375,0.004105090311986864,1.0614590663851746e-05
13,Spring,Weeding,400.0,84.0,0.5,81.45,99.55000000000001,90.5,1.375,0.0006841817186644773,7.076393775901166e-06
14,Summer,Harvesting,400.0,73.6,8.0,13.575,31.674999999999997,22.625,1.375,0.010946907498631636,3.230527593346185e-05
14,Summer,Preparing beds,400.0,73.6,0.0,36.2,54.3,45.25,1.375,0.0,0.0
14,Summer,Seeding,400.0,73.6,1.0,36.2,54.3,45.25,1.375,0.0013683634373289546,8.076318983365462e-06
14,Summer,Transplanting,400.0,73.6,1.0,81.45,99.55000000000001,90.5,1.375,0.0013683634373289546,1.6152637966730923e-05
14,Summer,Watering,400.0,73.6,10.0,13.575,31.674999999999997,22.625,1.375,0.013683634373289547,4.0381594916827314e-05
14,Summer,Weeding,400.0,73.6,5.0,81.45,99.55000000000001,90.5,1.375,0.0068418171866447735,8.076318983365463e-05
14,Fall,Harvesting,400.0,73.6,16.0,13.575,31.674999999999997,22.625,1.375,0.021893814997263273,6.46105518669237e-05
14,Fall,Preparing beds,400.0,73.6,0.0,36.2,54.3,45.25,1.375,0.0,0.0
14,Fall,Seeding,400.0,73.6,0.0,36.2,54.3,45.25,1.375,0.0,0.0
14,Fall,Transplanting,400.0,73.6,0.5,81.45,99.55000000000001,90.5,1.375,0.0006841817186644773,8.076318983365462e-06
14,Fall,Watering,400.0,73.6,1.5,13.575,31.674999999999997,22.625,1.375,0.002052545155993432,6.057239237524095e-06
14,Fall,Weeding,400.0,73.6,2.0,81.45,99.55000000000001,90.5,1.375,0.002736726874657909,3.230527593346185e-05
14,Winter,Harvesting,400.0,73.6,0.5,13.575,31.674999999999997,22.625,1.375,0.0006841817186644773,2.0190797458413654e-06
14,Winter,Preparing beds,400.0,73.6,0.0,36.2,54.3,45.25,1.375,0.0,0.0
14,Winter,Seeding,400.0,73.6,0.0,36.2,54.3,45.25,1.375,0.0,0.0
14,Winter,Transplanting,400.0,73.6,0.0,81.45,99.55000000000001,90.5,1.375,0.0,0.0
14,Winter,Watering,400.0,73.6,0.0,13.575,31.674999999999997,22.625,1.375,0.0,0.0
14,Winter,Weeding,400.0,73.6,0.0,81.45,99.55000000000001,90.5,1.375,0.0,0.0
14,Spring,Harvesting,400.0,73.6,24.0,13.575,31.674999999999997,22.625,1.375,0.03284072249589491,9.691582780038552e-05
14,Spring,Preparing beds,400.0,73.6,12.0,36.2,54.3,45.25,1.375,0.016420361247947456,9.691582780038552e-05
14,Spring,Seeding,400.0,73.6,3.0,36.2,54.3,45.25,1.375,0.004105090311986864,2.422895695009638e-05
14,Spring,Transplanting,400.0,73.6,6.0,81.45,99.55000000000001,90.5,1.375,0.008210180623973728,9.691582780038552e-05
14,Spring,Watering,400.0,73.6,58.0,13.575,31.674999999999997,22.625,1.375,0.07936507936507937,0.00023421325051759838
14,Spring,Weeding,400.0,73.6,10.0,81.45,99.55000000000001,90.5,1.375,0.013683634373289547,0.00016152637966730925
15,Summer,Harvesting,400.0,86.9,0.0,13.575,31.674999999999997,22.625,1.375,0.0,0.0
15,Summer,Preparing beds,400.0,86.9,0.0,36.2,54.3,45.25,1.375,0.0,0.0
15,Summer,Seeding,400.0,86.9,0.0,36.2,54.3,45.25,1.375,0.0,0.0
15,Summer,Transplanting,400.0,86.9,0.0,81.45,99.55000000000001,90.5,1.375,0.0,0.0
15,Summer,Watering,400.0,86.9,0.0,13.575,31.674999999999997,22.625,1.375,0.0,0.0
15,Summer,Weeding,400.0,86.9,0.0,81.45,99.55000000000001,90.5,1.375,0.0,0.0
15,Spring,Harvesting,400.0,86.9,12.0,13.575,31.674999999999997,22.625,1.375,0.016420361247947456,4.104145527104933e-05
15,Spring,Preparing beds,400.0,86.9,0.0,36.2,54.3,45.25,1.375,0.0,0.0
15,Spring,Seeding,400.0,86.9,120.0,36.2,54.3,45.25,1.375,0.16420361247947457,0.0008208291054209867
15,Spring,Transplanting,400.0,86.9,0.0,81.45,99.55000000000001,90.5,1.375,0.0,0.0
15,Spring,Watering,400.0,86.9,0.0,13.575,31.674999999999997,22.625,1.375,0.0,0.0
15,Spring,Weeding,400.0,86.9,16.0,81.45,99.55000000000001,90.5,1.375,0.021893814997263273,0.00021888776144559643
15,Fall,Harvesting,400.0,86.9,60.0,13.575,31.674999999999997,22.625,1.375,0.08210180623973728,0.00020520727635524669
15,Fall,Preparing beds,400.0,86.9,44.0,36.2,54.3,45.25,1.375,0.060207991242474,0.0003009706719876951
15,Fall,Seeding,400.0,86.9,44.0,36.2,54.3,45.25,1.375,0.060207991242474,0.0003009706719876951
15,Fall,Transplanting,400.0,86.9,0.0,81.45,99.55000000000001,90.5,1.375,0.0,0.0
15,Fall,Watering,400.0,86.9,0.0,13.575,31.674999999999997,22.625,1.375,0.0,0.0
15,Fall,Weeding,400.0,86.9,12.0,81.45,99.55000000000001,90.5,1.375,0.016420361247947456,0.00016416582108419732
15,Winter,Harvesting,400.0,86.9,0.0,13.575,31.674999999999997,22.625,1.375,0.0,0.0
15,Winter,Preparing beds,400.0,86.9,0.0,36.2,54.3,45.25,1.375,0.0,0.0
15,Winter,Seeding,400.0,86.9,0.0,36.2,54.3,45.25,1.375,0.0,0.0
15,Winter,Transplanting,400.0,86.9,0.0,81.45,99.55000000000001,90.5,1.375,0.0,0.0
15,Winter,Watering,400.0,86.9,0.0,13.575,31.674999999999997,22.625,1.375,0.0,0.0
15,Winter,Weeding,400.0,86.9,0.0,81.45,99.55000000000001,90.5,1.375,0.0,0.0
16,Winter,Harvesting,400.0,70.2,1.999998,13.575,31.674999999999997,22.625,1.375,0.0027367241379310345,8.467471264367816e-06
16,Winter,Preparing beds,400.0,70.2,0.0,36.2,54.3,45.25,1.375,0.0,0.0
16,Winter,Seeding,400.0,70.2,8.0,36.2,54.3,45.25,1.375,0.010946907498631636,6.773983785478038e-05
16,Winter,Transplanting,400.0,70.2,0.0,81.45,99.55000000000001,90.5,1.375,0.0,0.0
16,Winter,Watering,400.0,70.2,0.0,13.575,31.674999999999997,22.625,1.375,0.0,0.0
16,Winter,Weeding,400.0,70.2,2.0,81.45,99.55000000000001,90.5,1.375,0.002736726874657909,3.386991892739019e-05
16,Spring,Harvesting,400.0,70.2,76.5,13.575,31.674999999999997,22.625,1.375,0.10467980295566504,0.00032388109974316873
16,Spring,Preparing beds,400.0,70.2,30.0,36.2,54.3,45.25,1.375,0.04105090311986864,0.0002540243919554265
16,Spring,Seeding,400.0,70.2,5.0,36.2,54.3,45.25,1.375,0.0068418171866447735,4.233739865923774e-05
16,Spring,Transplanting,400.0,70.2,28.0,81.45,99.55000000000001,90.5,1.375,0.03831417624521073,0.00047417886498346274
16,Spring,Watering,400.0,70.2,12.5,13.575,31.674999999999997,22.625,1.375,0.017104542966611933,5.292174832404718e-05
16,Spring,Weeding,400.0,70.2,20.0,81.45,99.55000000000001,90.5,1.375,0.027367268746579094,0.0003386991892739019
16,Summer,Harvesting,400.0,70.2,90.0,13.575,31.674999999999997,22.625,1.375,0.12315270935960591,0.0003810365879331396
16,Summer,Preparing beds,400.0,70.2,25.0,36.2,54.3,45.25,1.375,0.034209085933223866,0.00021168699329618873
16,Summer,Seeding,400.0,70.2,2.0,36.2,54.3,45.25,1.375,0.002736726874657909,1.6934959463695096e-05
16,Summer,Transplanting,400.0,70.2,15.0,81.45,99.55000000000001,90.5,1.375,0.02052545155993432,0.0002540243919554265
16,Summer,Watering,400.0,70.2,60.0,13.575,31.674999999999997,22.625,1.375,0.08210180623973728,0.0002540243919554265
16,Summer,Weeding,400.0,70.2,20.0,81.45,99.55000000000001,90.5,1.375,0.027367268746579094,0.0003386991892739019
16,Fall,Harvesting,400.0,70.2,36.0,13.575,31.674999999999997,22.625,1.375,0.04926108374384237,0.00015241463517325586
16,Fall,Preparing beds,400.0,70.2,17.5,36.2,54.3,45.25,1.375,0.023946360153256706,0.00014818089530733208
16,Fall,Seeding,400.0,70.2,3.0,36.2,54.3,45.25,1.375,0.004105090311986864,2.5402439195542637e-05
16,Fall,Transplanting,400.0,70.2,6.0,81.45,99.55000000000001,90.5,1.375,0.008210180623973728,0.00010160975678217055
16,Fall,Watering,400.0,70.2,0.0,13.575,31.674999999999997,22.625,1.375,0.0,0.0
16,Fall,Weeding,400.0,70.2,4.0,81.45,99.55000000000001,90.5,1.375,0.005473453749315818,6.773983785478038e-05
17,Spring,Harvesting,400.0,67.9,12.0,13.575,31.674999999999997,22.625,1.375,0.016420361247947456,5.252580947060657e-05
17,Spring,Preparing beds,400.0,67.9,9.0,36.2,54.3,45.25,1.375,0.012315270935960592,7.878871420590989e-05
17,Spring,Seeding,400.0,67.9,22.0,36.2,54.3,45.25,1.375,0.030103995621237,0.00019259463472555747
17,Spring,Transplanting,400.0,67.9,5.0,81.45,99.55000000000001,90.5,1.375,0.0068418171866447735,8.754301578434432e-05
17,Spring,Watering,400.0,67.9,13.0,13.575,31.674999999999997,22.625,1.375,0.01778872468527641,5.690296025982381e-05
17,Spring,Weeding,400.0,67.9,32.0,81.45,99.55000000000001,90.5,1.375,0.043787629994526546,0.0005602753010198034
17,Fall,Harvesting,400.0,67.9,1.5,13.575,31.674999999999997,22.625,1.375,0.002052545155993432,6.565726183825821e-06
17,Fall,Preparing beds,400.0,67.9,2.0,36.2,54.3,45.25,1.375,0.002736726874657909,1.7508603156868857e-05
17,Fall,Seeding,400.0,67.9,1.0,36.2,54.3,45.25,1.375,0.0013683634373289546,8.754301578434429e-06
17,Fall,Transplanting,400.0,67.9,1.5,81.45,99.55000000000001,90.5,1.375,0.002052545155993432,2.6262904735303284e-05
17,Fall,Watering,400.0,67.9,0.75,13.575,31.674999999999997,22.625,1.375,0.001026272577996716,3.2828630919129105e-06
17,Fall,Weeding,400.0,67.9,1.5,81.45,99.55000000000001,90.5,1.375,0.002052545155993432,2.6262904735303284e-05
17,Winter,Harvesting,400.0,67.9,1.5,13.575,31.674999999999997,22.625,1.375,0.002052545155993432,6.565726183825821e-06
17,Winter,Preparing beds,400.0,67.9,0.0,36.2,54.3,45.25,1.375,0.0,0.0
17,Winter,Seeding,400.0,67.9,0.0,36.2,54.3,45.25,1.375,0.0,0.0
17,Winter,Transplanting,400.0,67.9,0.0,81.45,99.55000000000001,90.5,1.375,0.0,0.0
17,Winter,Watering,400.0,67.9,0.0,13.575,31.674999999999997,22.625,1.375,0.0,0.0
17,Winter,Weeding,400.0,67.9,0.25,81.45,99.55000000000001,90.5,1.375,0.00034209085933223864,4.377150789217214e-06
17,Summer,Harvesting,400.0,67.9,7.5,13.575,31.674999999999997,22.625,1.375,0.01026272577996716,3.282863091912912e-05
17,Summer,Preparing beds,400.0,67.9,10.0,36.2,54.3,45.25,1.375,0.013683634373289547,8.754301578434432e-05
17,Summer,Seeding,400.0,67.9,0.0,36.2,54.3,45.25,1.375,0.0,0.0
17,Summer,Transplanting,400.0,67.9,2.0,81.45,99.55000000000001,90.5,1.375,0.002736726874657909,3.5017206313737714e-05
17,Summer,Watering,400.0,67.9,2.5,13.575,31.674999999999997,22.625,1.375,0.0034209085933223867,1.094287697304304e-05
17,Summer,Weeding,400.0,67.9,25.0,81.45,99.55000000000001,90.5,1.375,0.034209085933223866,0.00043771507892172157
18,Spring,Harvesting,400.0,70.2,3.0,13.575,31.674999999999997,22.625,1.375,0.004105090311986864,1.2701219597771319e-05
18,Spring,Preparing beds,400.0,70.2,30.0,36.2,54.3,45.25,1.375,0.04105090311986864,0.0002540243919554265
18,Spring,Seeding,400.0,70.2,4.0,36.2,54.3,45.25,1.375,0.005473453749315818,3.386991892739019e-05
18,Spring,Transplanting,400.0,70.2,30.0,81.45,99.55000000000001,90.5,1.375,0.04105090311986864,0.000508048783910853
18,Spring,Watering,400.0,70.2,7.5,13.575,31.674999999999997,22.625,1.375,0.01026272577996716,3.175304899442831e-05
18,Spring,Weeding,400.0,70.2,8.0,81.45,99.55000000000001,90.5,1.375,0.010946907498631636,0.00013547967570956077
18,Summer,Harvesting,400.0,70.2,34.0,13.575,31.674999999999997,22.625,1.375,0.046524356869184456,0.00014394715544140834
18,Summer,Preparing beds,400.0,70.2,10.0,36.2,54.3,45.25,1.375,0.013683634373289547,8.467479731847548e-05
18,Summer,Seeding,400.0,70.2,2.0,36.2,54.3,45.25,1.375,0.002736726874657909,1.6934959463695096e-05
18,Summer,Transplanting,400.0,70.2,10.0,81.45,99.55000000000001,90.5,1.375,0.013683634373289547,0.00016934959463695096
18,Summer,Watering,400.0,70.2,3.75,13.575,31.674999999999997,22.625,1.375,0.00513136288998358,1.5876524497214156e-05
18,Summer,Weeding,400.0,70.2,5.0,81.45,99.55000000000001,90.5,1.375,0.0068418171866447735,8.467479731847548e-05
18,Winter,Harvesting,400.0,70.2,0.4998,13.575,31.674999999999997,22.625,1.375,0.0006839080459770116,2.1160231849887026e-06
18,Winter,Preparing beds,400.0,70.2,2.0,36.2,54.3,45.25,1.375,0.002736726874657909,1.6934959463695096e-05
18,Winter,Seeding,400.0,70.2,0.0,36.2,54.3,45.25,1.375,0.0,0.0
18,Winter,Transplanting,400.0,70.2,1.0,81.45,99.55000000000001,90.5,1.375,0.0013683634373289546,1.6934959463695096e-05
18,Winter,Watering,400.0,70.2,0.666664,13.575,31.674999999999997,22.625,1.375,0.0009122386425834703,2.8224819539762073e-06
18,Winter,Weeding,400.0,70.2,0.75,81.45,99.55000000000001,90.5,1.375,0.001026272577996716,1.2701219597771319e-05
19,Spring,Harvesting,400.0,87.8,7.0,13.575,31.674999999999997,22.625,1.375,0.009578544061302683,2.369544157306313e-05
19,Spring,Preparing beds,400.0,87.8,4.0,36.2,54.3,45.25,1.375,0.005473453749315818,2.7080504654929287e-05
19,Spring,Seeding,400.0,87.8,8.0,36.2,54.3,45.25,1.375,0.010946907498631636,5.4161009309858574e-05
19,Spring,Transplanting,400.0,87.8,7.0,81.45,99.55000000000001,90.5,1.375,0.009578544061302683,9.478176629225252e-05
19,Spring,Watering,400.0,87.8,10.0,13.575,31.674999999999997,22.625,1.375,0.013683634373289547,3.385063081866162e-05
19,Spring,Weeding,400.0,87.8,10.0,81.45,99.55000000000001,90.5,1.375,0.013683634373289547,0.00013540252327464648
19,Summer,Harvesting,400.0,87.8,7.5,13.575,31.674999999999997,22.625,1.375,0.01026272577996716,2.538797311399621e-05
19,Summer,Preparing beds,400.0,87.8,2.0,36.2,54.3,45.25,1.375,0.002736726874657909,1.3540252327464643e-05
19,Summer,Seeding,400.0,87.8,0.0,36.2,54.3,45.25,1.375,0.0,0.0
19,Summer,Transplanting,400.0,87.8,0.0,81.45,99.55000000000001,90.5,1.375,0.0,0.0
19,Summer,Watering,400.0,87.8,0.0,13.575,31.674999999999997,22.625,1.375,0.0,0.0
19,Summer,Weeding,400.0,87.8,7.0,81.45,99.55000000000001,90.5,1.375,0.009578544061302683,9.478176629225252e-05
20,Spring,Harvesting,400.0,81.2,32.0,13.575,31.674999999999997,22.625,1.375,0.043787629994526546,0.00011712651767008825
20,Spring,Preparing beds,400.0,81.2,20.0,36.2,54.3,45.25,1.375,0.027367268746579094,0.00014640814708761032
20,Spring,Seeding,400.0,81.2,4.0,36.2,54.3,45.25,1.375,0.005473453749315818,2.9281629417522062e-05
20,Spring,Transplanting,400.0,81.2,5.0,81.45,99.55000000000001,90.5,1.375,0.0068418171866447735,7.320407354380516e-05
20,Spring,Watering,400.0,81.2,40.0,13.575,31.674999999999997,22.625,1.375,0.05473453749315819,0.00014640814708761032
20,Spring,Weeding,400.0,81.2,15.0,81.45,99.55000000000001,90.5,1.375,0.02052545155993432,0.00021961222063141548
20,Fall,Harvesting,400.0,81.2,2.0,13.575,31.674999999999997,22.625,1.375,0.002736726874657909,7.320407354380516e-06
20,Fall,Preparing beds,400.0,81.2,12.0,36.2,54.3,45.25,1.375,0.016420361247947456,8.784488825256618e-05
20,Fall,Seeding,400.0,81.2,12.0,36.2,54.3,45.25,1.375,0.016420361247947456,8.784488825256618e-05
20,Fall,Transplanting,400.0,81.2,0.0,81.45,99.55000000000001,90.5,1.375,0.0,0.0
20,Fall,Watering,400.0,81.2,8.0,13.575,31.674999999999997,22.625,1.375,0.010946907498631636,2.9281629417522062e-05
20,Fall,Weeding,400.0,81.2,0.0,81.45,99.55000000000001,90.5,1.375,0.0,0.0
20,Summer,Harvesting,400.0,81.2,48.0,13.575,31.674999999999997,22.625,1.375,0.06568144499178982,0.00017568977650513236
20,Summer,Preparing beds,400.0,81.2,25.0,36.2,54.3,45.25,1.375,0.034209085933223866,0.0001830101838595129
20,Summer,Seeding,400.0,81.2,2.0,36.2,54.3,45.25,1.375,0.002736726874657909,1.4640814708761031e-05
20,Summer,Transplanting,400.0,81.2,0.0,81.45,99.55000000000001,90.5,1.375,0.0,0.0
20,Summer,Watering,400.0,81.2,24.0,13.575,31.674999999999997,22.625,1.375,0.03284072249589491,8.784488825256618e-05
20,Summer,Weeding,400.0,81.2,6.0,81.45,99.55000000000001,90.5,1.375,0.008210180623973728,8.784488825256618e-05
21,Spring,Harvesting,400.0,86.9,72.0,13.575,31.674999999999997,22.625,1.375,0.09852216748768473,0.000246248731626296
21,Spring,Preparing beds,400.0,86.9,12.5,36.2,54.3,45.25,1.375,0.017104542966611933,8.550303181468612e-05
21,Spring,Seeding,400.0,86.9,21.0,36.2,54.3,45.25,1.375,0.02873563218390805,0.00014364509344867265
21,Spring,Transplanting,400.0,86.9,6.0,81.45,99.55000000000001,90.5,1.375,0.008210180623973728,8.208291054209866e-05
21,Spring,Watering,400.0,86.9,36.0,13.575,31.674999999999997,22.625,1.375,0.04926108374384237,0.000123124365813148
21,Spring,Weeding,400.0,86.9,160.0,81.45,99.55000000000001,90.5,1.375,0.21893814997263275,0.0021888776144559645
21,Summer,Harvesting,400.0,86.9,17.5,13.575,31.674999999999997,22.625,1.375,0.023946360153256706,5.985212227028028e-05
21,Summer,Preparing beds,400.0,86.9,10.0,36.2,54.3,45.25,1.375,0.013683634373289547,6.840242545174889e-05
21,Summer,Seeding,400.0,86.9,8.0,36.2,54.3,45.25,1.375,0.010946907498631636,5.472194036139911e-05
21,Summer,Transplanting,400.0,86.9,6.0,81.45,99.55000000000001,90.5,1.375,0.008210180623973728,8.208291054209866e-05
21,Summer,Watering,400.0,86.9,32.0,13.575,31.674999999999997,22.625,1.375,0.043787629994526546,0.00010944388072279821
21,Summer,Weeding,400.0,86.9,84.0,81.45,99.55000000000001,90.5,1.375,0.1149425287356322,0.0011491607475893812
21,Fall,Harvesting,400.0,86.9,100.0,13.575,31.674999999999997,22.625,1.375,0.13683634373289547,0.0003420121272587445
21,Fall,Preparing beds,400.0,86.9,24.0,36.2,54.3,45.25,1.375,0.03284072249589491,0.00016416582108419732
21,Fall,Seeding,400.0,86.9,18.0,36.2,54.3,45.25,1.375,0.024630541871921183,0.000123124365813148
21,Fall,Transplanting,400.0,86.9,0.0,81.45,99.55000000000001,90.5,1.375,0.0,0.0
21,Fall,Watering,400.0,86.9,6.0,13.575,31.674999999999997,22.625,1.375,0.008210180623973728,2.0520727635524665e-05
21,Fall,Weeding,400.0,86.9,45.0,81.45,99.55000000000001,90.5,1.375,0.06157635467980296,0.00061562182906574
21,Winter,Harvesting,400.0,86.9,0.0,13.575,31.674999999999997,22.625,1.375,0.0,0.0
21,Winter,Preparing beds,400.0,86.9,12.0,36.2,54.3,45.25,1.375,0.016420361247947456,8.208291054209866e-05
21,Winter,Seeding,400.0,86.9,12.0,36.2,54.3,45.25,1.375,0.016420361247947456,8.208291054209866e-05
21,Winter,Transplanting,400.0,86.9,0.0,81.45,99.55000000000001,90.5,1.375,0.0,0.0
21,Winter,Watering,400.0,86.9,36.0,13.575,31.674999999999997,22.625,1.375,0.04926108374384237,0.000123124365813148
21,Winter,Weeding,400.0,86.9,0.0,81.45,99.55000000000001,90.5,1.375,0.0,0.0
22,Winter,Harvesting,400.0,87.4,6.5,13.575,31.674999999999997,22.625,1.375,0.008894362342638205,2.2103609849210734e-05
22,Winter,Preparing beds,400.0,87.4,0.0,36.2,54.3,45.25,1.375,0.0,0.0
22,Winter,Seeding,400.0,87.4,0.0,36.2,54.3,45.25,1.375,0.0,0.0
22,Winter,Transplanting,400.0,87.4,0.0,81.45,99.55000000000001,90.5,1.375,0.0,0.0
22,Winter,Watering,400.0,87.4,2.0,13.575,31.674999999999997,22.625,1.375,0.002736726874657909,6.8011107228340705e-06
22,Winter,Weeding,400.0,87.4,1.5,81.45,99.55000000000001,90.5,1.375,0.002052545155993432,2.0403332168502215e-05
22,Spring,Harvesting,400.0,87.4,1.0,13.575,31.674999999999997,22.625,1.375,0.0013683634373289546,3.4005553614170353e-06
22,Spring,Preparing beds,400.0,87.4,34.5,36.2,54.3,45.25,1.375,0.04720853858784894,0.00023463831993777545
22,Spring,Seeding,400.0,87.4,34.0,36.2,54.3,45.25,1.375,0.046524356869184456,0.00023123776457635844
22,Spring,Transplanting,400.0,87.4,46.0,81.45,99.55000000000001,90.5,1.375,0.06294471811713191,0.0006257021865007346
22,Spring,Watering,400.0,87.4,25.0,13.575,31.674999999999997,22.625,1.375,0.034209085933223866,8.50138840354259e-05
22,Spring,Weeding,400.0,87.4,120.0,81.45,99.55000000000001,90.5,1.375,0.16420361247947457,0.0016322665734801772
22,Summer,Harvesting,400.0,87.4,60.0,13.575,31.674999999999997,22.625,1.375,0.08210180623973728,0.00020403332168502216
22,Summer,Preparing beds,400.0,87.4,10.5,36.2,54.3,45.25,1.375,0.014367816091954025,7.141166258975776e-05
22,Summer,Seeding,400.0,87.4,10.0,36.2,54.3,45.25,1.375,0.013683634373289547,6.801110722834072e-05
22,Summer,Transplanting,400.0,87.4,22.5,81.45,99.55000000000001,90.5,1.375,0.03078817733990148,0.0003060499825275332
22,Summer,Watering,400.0,87.4,50.0,13.575,31.674999999999997,22.625,1.375,0.06841817186644773,0.0001700277680708518
22,Summer,Weeding,400.0,87.4,37.5,81.45,99.55000000000001,90.5,1.375,0.051313628899835796,0.0005100833042125553
23,Spring,Harvesting,400.0,72.7,20.0,13.575,31.674999999999997,22.625,1.375,0.027367268746579094,8.176300924012351e-05
23,Spring,Preparing beds,400.0,72.7,32.0,36.2,54.3,45.25,1.375,0.043787629994526546,0.0002616416295683952
23,Spring,Seeding,400.0,72.7,6.0,36.2,54.3,45.25,1.375,0.008210180623973728,4.905780554407409e-05
23,Spring,Transplanting,400.0,72.7,16.0,81.45,99.55000000000001,90.5,1.375,0.021893814997263273,0.0002616416295683952
23,Spring,Watering,400.0,72.7,26.0,13.575,31.674999999999997,22.625,1.375,0.03557744937055282,0.00010629191201216055
23,Spring,Weeding,400.0,72.7,12.0,81.45,99.55000000000001,90.5,1.375,0.016420361247947456,0.00019623122217629635
23,Summer,Harvesting,400.0,72.7,24.0,13.575,31.674999999999997,22.625,1.375,0.03284072249589491,9.811561108814817e-05
23,Summer,Preparing beds,400.0,72.7,32.0,36.2,54.3,45.25,1.375,0.043787629994526546,0.0002616416295683952
23,Summer,Seeding,400.0,72.7,2.0,36.2,54.3,45.25,1.375,0.002736726874657909,1.63526018480247e-05
23,Summer,Transplanting,400.0,72.7,6.0,81.45,99.55000000000001,90.5,1.375,0.008210180623973728,9.811561108814817e-05
23,Summer,Watering,400.0,72.7,15.0,13.575,31.674999999999997,22.625,1.375,0.02052545155993432,6.132225693009263e-05
23,Summer,Weeding,400.0,72.7,16.0,81.45,99.55000000000001,90.5,1.375,0.021893814997263273,0.0002616416295683952
23,Fall,Harvesting,400.0,72.7,16.0,13.575,31.674999999999997,22.625,1.375,0.021893814997263273,6.54104073920988e-05
23,Fall,Preparing beds,400.0,72.7,0.0,36.2,54.3,45.25,1.375,0.0,0.0
23,Fall,Seeding,400.0,72.7,0.0,36.2,54.3,45.25,1.375,0.0,0.0
23,Fall,Transplanting,400.0,72.7,0.0,81.45,99.55000000000001,90.5,1.375,0.0,0.0
23,Fall,Watering,400.0,72.7,0.0,13.575,31.674999999999997,22.625,1.375,0.0,0.0
23,Fall,Weeding,400.0,72.7,0.0,81.45,99.55000000000001,90.5,1.375,0.0,0.0
23,Winter,Harvesting,400.0,72.7,0.0,13.575,31.674999999999997,22.625,1.375,0.0,0.0
23,Winter,Preparing beds,400.0,72.7,6.0,36.2,54.3,45.25,1.375,0.008210180623973728,4.905780554407409e-05
23,Winter,Seeding,400.0,72.7,10.0,36.2,54.3,45.25,1.375,0.013683634373289547,8.176300924012351e-05
23,Winter,Transplanting,400.0,72.7,0.0,81.45,99.55000000000001,90.5,1.375,0.0,0.0
23,Winter,Watering,400.0,72.7,0.0,13.575,31.674999999999997,22.625,1.375,0.0,0.0
23,Winter,Weeding,400.0,72.7,6.0,81.45,99.55000000000001,90.5,1.375,0.008210180623973728,9.811561108814817e-05
24,Spring,Harvesting,400.0,84.0,48.0,13.575,31.674999999999997,22.625,1.375,0.06568144499178982,0.00016983345062162794
24,Spring,Preparing beds,400.0,84.0,32.0,36.2,54.3,45.25,1.375,0.043787629994526546,0.0002264446008288373
24,Spring,Seeding,400.0,84.0,24.0,36.2,54.3,45.25,1.375,0.03284072249589491,0.00016983345062162794
24,Spring,Transplanting,400.0,84.0,40.0,81.45,99.55000000000001,90.5,1.375,0.05473453749315819,0.0005661115020720933
24,Spring,Watering,400.0,84.0,100.0,13.575,31.674999999999997,22.625,1.375,0.13683634373289547,0.0003538196887950583
24,Spring,Weeding,400.0,84.0,45.0,81.45,99.55000000000001,90.5,1.375,0.06157635467980296,0.0006368754398311048
25,Spring,Harvesting,400.0,81.2,20.0,13.575,31.674999999999997,22.625,1.375,0.027367268746579094,7.320407354380516e-05
25,Spring,Preparing beds,400.0,81.2,22.5,36.2,54.3,45.25,1.375,0.03078817733990148,0.00016470916547356158
25,Spring,Seeding,400.0,81.2,20.0,36.2,54.3,45.25,1.375,0.027367268746579094,0.00014640814708761032
25,Spring,Transplanting,400.0,81.2,15.0,81.45,99.55000000000001,90.5,1.375,0.02052545155993432,0.00021961222063141548
25,Spring,Watering,400.0,81.2,360.0,13.575,31.674999999999997,22.625,1.375,0.49261083743842365,0.0013176733237884927
25,Spring,Weeding,400.0,81.2,15.0,81.45,99.55000000000001,90.5,1.375,0.02052545155993432,0.00021961222063141548
25,Summer,Harvesting,400.0,81.2,30.0,13.575,31.674999999999997,22.625,1.375,0.04105090311986864,0.00010980611031570774
25,Summer,Preparing beds,400.0,81.2,0.0,36.2,54.3,45.25,1.375,0.0,0.0
25,Summer,Seeding,400.0,81.2,0.0,36.2,54.3,45.25,1.375,0.0,0.0
25,Summer,Transplanting,400.0,81.2,0.0,81.45,99.55000000000001,90.5,1.375,0.0,0.0
25,Summer,Watering,400.0,81.2,56.0,13.575,31.674999999999997,22.625,1.375,0.07662835249042146,0.00020497140592265446
25,Summer,Weeding,400.0,81.2,0.0,81.45,99.55000000000001,90.5,1.375,0.0,0.0
25,Fall,Harvesting,400.0,81.2,5.0,13.575,31.674999999999997,22.625,1.375,0.0068418171866447735,1.830101838595129e-05
25,Fall,Preparing beds,400.0,81.2,45.0,36.2,54.3,45.25,1.375,0.06157635467980296,0.00032941833094712316
25,Fall,Seeding,400.0,81.2,6.0,36.2,54.3,45.25,1.375,0.008210180623973728,4.392244412628309e-05
25,Fall,Transplanting,400.0,81.2,0.0,81.45,99.55000000000001,90.5,1.375,0.0,0.0
25,Fall,Watering,400.0,81.2,10.0,13.575,31.674999999999997,22.625,1.375,0.013683634373289547,3.660203677190258e-05
25,Fall,Weeding,400.0,81.2,12.0,81.45,99.55000000000001,90.5,1.375,0.016420361247947456,0.00017568977650513236
25,Winter,Harvesting,400.0,81.2,32.0,13.575,31.674999999999997,22.625,1.375,0.043787629994526546,0.00011712651767008825
25,Winter,Preparing beds,400.0,81.2,0.0,36.2,54.3,45.25,1.375,0.0,0.0
25,Winter,Seeding,400.0,81.2,4.5,36.2,54.3,45.25,1.375,0.006157635467980296,3.2941833094712324e-05
25,Winter,Transplanting,400.0,81.2,0.0,81.45,99.55000000000001,90.5,1.375,0.0,0.0
25,Winter,Watering,400.0,81.2,2.0,13.575,31.674999999999997,22.625,1.375,0.002736726874657909,7.320407354380516e-06
25,Winter,Weeding,400.0,81.2,12.0,81.45,99.55000000000001,90.5,1.375,0.016420361247947456,0.00017568977650513236
26,Spring,Harvesting,400.0,87.8,24.0,13.575,31.674999999999997,22.625,1.375,0.03284072249589491,8.124151396478787e-05
26,Spring,Preparing beds,400.0,87.8,25.0,36.2,54.3,45.25,1.375,0.034209085933223866,0.00016925315409330806
26,Spring,Seeding,400.0,87.8,23.0,36.2,54.3,45.25,1.375,0.031472359058565956,0.0001557129017658434
26,Spring,Transplanting,400.0,87.8,36.0,81.45,99.55000000000001,90.5,1.375,0.04926108374384237,0.00048744908378872725
26,Spring,Watering,400.0,87.8,101.5,13.575,31.674999999999997,22.625,1.375,0.1388888888888889,0.0003435839028094154
26,Spring,Weeding,400.0,87.8,24.0,81.45,99.55000000000001,90.5,1.375,0.03284072249589491,0.0003249660558591515
26,Summer,Harvesting,400.0,87.8,90.0,13.575,31.674999999999997,22.625,1.375,0.12315270935960591,0.00030465567736795445
26,Summer,Preparing beds,400.0,87.8,8.0,36.2,54.3,45.25,1.375,0.010946907498631636,5.4161009309858574e-05
26,Summer,Seeding,400.0,87.8,8.0,36.2,54.3,45.25,1.375,0.010946907498631636,5.4161009309858574e-05
26,Summer,Transplanting,400.0,87.8,6.5,81.45,99.55000000000001,90.5,1.375,0.008894362342638205,8.80116401285202e-05
26,Summer,Watering,400.0,87.8,7.0,13.575,31.674999999999997,22.625,1.375,0.009578544061302683,2.369544157306313e-05
26,Summer,Weeding,400.0,87.8,60.0,81.45,99.55000000000001,90.5,1.375,0.08210180623973728,0.0008124151396478787
26,Winter,Harvesting,400.0,87.8,0.0,13.575,31.674999999999997,22.625,1.375,0.0,0.0
26,Winter,Preparing beds,400.0,87.8,1.5,36.2,54.3,45.25,1.375,0.002052545155993432,1.0155189245598484e-05
26,Winter,Seeding,400.0,87.8,8.0,36.2,54.3,45.25,1.375,0.010946907498631636,5.4161009309858574e-05
26,Winter,Transplanting,400.0,87.8,0.0,81.45,99.55000000000001,90.5,1.375,0.0,0.0
26,Winter,Watering,400.0,87.8,9.66666657,13.575,31.674999999999997,22.625,1.375,0.013227513095238097,3.2722276130816796e-05
26,Winter,Weeding,400.0,87.8,0.0,81.45,99.55000000000001,90.5,1.375,0.0,0.0
26,Fall,Harvesting,400.0,87.8,27.0,13.575,31.674999999999997,22.625,1.375,0.03694581280788178,9.139670321038636e-05
26,Fall,Preparing beds,400.0,87.8,5.0,36.2,54.3,45.25,1.375,0.0068418171866447735,3.385063081866162e-05
26,Fall,Seeding,400.0,87.8,0.0,36.2,54.3,45.25,1.375,0.0,0.0
26,Fall,Transplanting,400.0,87.8,0.0,81.45,99.55000000000001,90.5,1.375,0.0,0.0
26,Fall,Watering,400.0,87.8,16.0,13.575,31.674999999999997,22.625,1.375,0.021893814997263273,5.4161009309858574e-05
26,Fall,Weeding,400.0,87.8,0.0,81.45,99.55000000000001,90.5,1.375,0.0,0.0
27,Spring,Harvesting,400.0,70.2,60.0,13.575,31.674999999999997,22.625,1.375,0.08210180623973728,0.0002540243919554265
27,Spring,Preparing beds,400.0,70.2,0.0,36.2,54.3,45.25,1.375,0.0,0.0
27,Spring,Seeding,400.0,70.2,6.0,36.2,54.3,45.25,1.375,0.008210180623973728,5.0804878391085275e-05
27,Spring,Transplanting,400.0,70.2,27.0,81.45,99.55000000000001,90.5,1.375,0.03694581280788178,0.0004572439055197676
27,Spring,Watering,400.0,70.2,15.0,13.575,31.674999999999997,22.625,1.375,0.02052545155993432,6.350609798885662e-05
27,Spring,Weeding,400.0,70.2,30.0,81.45,99.55000000000001,90.5,1.375,0.04105090311986864,0.000508048783910853
27,Summer,Harvesting,400.0,70.2,30.0,13.575,31.674999999999997,22.625,1.375,0.04105090311986864,0.00012701219597771325
27,Summer,Preparing beds,400.0,70.2,6.0,36.2,54.3,45.25,1.375,0.008210180623973728,5.0804878391085275e-05
27,Summer,Seeding,400.0,70.2,15.0,36.2,54.3,45.25,1.375,0.02052545155993432,0.00012701219597771325
27,Summer,Transplanting,400.0,70.2,5.0,81.45,99.55000000000001,90.5,1.375,0.0068418171866447735,8.467479731847548e-05
27,Summer,Watering,400.0,70.2,16.0,13.575,31.674999999999997,22.625,1.375,0.021893814997263273,6.773983785478038e-05
27,Summer,Weeding,400.0,70.2,18.0,81.45,99.55000000000001,90.5,1.375,0.024630541871921183,0.00030482927034651173
27,Winter,Harvesting,400.0,70.2,1.0,13.575,31.674999999999997,22.625,1.375,0.0013683634373289546,4.233739865923774e-06
27,Winter,Preparing beds,400.0,70.2,0.0,36.2,54.3,45.25,1.375,0.0,0.0
27,Winter,Seeding,400.0,70.2,0.0,36.2,54.3,45.25,1.375,0.0,0.0
27,Winter,Transplanting,400.0,70.2,0.0,81.45,99.55000000000001,90.5,1.375,0.0,0.0
27,Winter,Watering,400.0,70.2,0.0,13.575,31.674999999999997,22.625,1.375,0.0,0.0
27,Winter,Weeding,400.0,70.2,0.0,81.45,99.55000000000001,90.5,1.375,0.0,0.0
27,Fall,Harvesting,400.0,70.2,45.0,13.575,31.674999999999997,22.625,1.375,0.06157635467980296,0.0001905182939665698
27,Fall,Preparing beds,400.0,70.2,0.0,36.2,54.3,45.25,1.375,0.0,0.0
27,Fall,Seeding,400.0,70.2,0.0,36.2,54.3,45.25,1.375,0.0,0.0
27,Fall,Transplanting,400.0,70.2,0.0,81.45,99.55000000000001,90.5,1.375,0.0,0.0
27,Fall,Watering,400.0,70.2,1.6666665999999999,13.575,31.674999999999997,22.625,1.375,0.0022806056376573616,7.056232827623632e-06
27,Fall,Weeding,400.0,70.2,0.0,81.45,99.55000000000001,90.5,1.375,0.0,0.0
28,Spring,Harvesting,400.0,70.2,55.25,13.575,31.674999999999997,22.625,1.375,0.07560207991242475,0.0002339141275922885
28,Spring,Preparing beds,400.0,70.2,16.0,36.2,54.3,45.25,1.375,0.021893814997263273,0.00013547967570956077
28,Spring,Seeding,400.0,70.2,10.0,36.2,54.3,45.25,1.375,0.013683634373289547,8.467479731847548e-05
28,Spring,Transplanting,400.0,70.2,36.0,81.45,99.55000000000001,90.5,1.375,0.04926108374384237,0.0006096585406930235
28,Spring,Watering,400.0,70.2,7.5,13.575,31.674999999999997,22.625,1.375,0.01026272577996716,3.175304899442831e-05
28,Spring,Weeding,400.0,70.2,54.0,81.45,99.55000000000001,90.5,1.375,0.07389162561576355,0.0009144878110395352
28,Summer,Harvesting,400.0,70.2,64.0,13.575,31.674999999999997,22.625,1.375,0.08757525998905309,0.00027095935141912154
28,Summer,Preparing beds,400.0,70.2,25.0,36.2,54.3,45.25,1.375,0.034209085933223866,0.00021168699329618873
28,Summer,Seeding,400.0,70.2,4.0,36.2,54.3,45.25,1.375,0.005473453749315818,3.386991892739019e-05
28,Summer,Transplanting,400.0,70.2,8.0,81.45,99.55000000000001,90.5,1.375,0.010946907498631636,0.00013547967570956077
28,Summer,Watering,400.0,70.2,22.5,13.575,31.674999999999997,22.625,1.375,0.03078817733990148,9.52591469832849e-05
28,Summer,Weeding,400.0,70.2,25.0,81.45,99.55000000000001,90.5,1.375,0.034209085933223866,0.00042337398659237746
28,Fall,Harvesting,400.0,70.2,48.0,13.575,31.674999999999997,22.625,1.375,0.06568144499178982,0.0002032195135643411
28,Fall,Preparing beds,400.0,70.2,22.5,36.2,54.3,45.25,1.375,0.03078817733990148,0.0001905182939665698
28,Fall,Seeding,400.0,70.2,4.5,36.2,54.3,45.25,1.375,0.006157635467980296,3.8103658793313966e-05
28,Fall,Transplanting,400.0,70.2,18.0,81.45,99.55000000000001,90.5,1.375,0.024630541871921183,0.00030482927034651173
28,Fall,Watering,400.0,70.2,1.99998,13.575,31.674999999999997,22.625,1.375,0.002736699507389163,8.467395057050231e-06
28,Fall,Weeding,400.0,70.2,32.0,81.45,99.55000000000001,90.5,1.375,0.043787629994526546,0.0005419187028382431
28,Winter,Harvesting,400.0,70.2,18.0,13.575,31.674999999999997,22.625,1.375,0.024630541871921183,7.620731758662793e-05
28,Winter,Preparing beds,400.0,70.2,2.0,36.2,54.3,45.25,1.375,0.002736726874657909,1.6934959463695096e-05
28,Winter,Seeding,400.0,70.2,1.0,36.2,54.3,45.25,1.375,0.0013683634373289546,8.467479731847548e-06
28,Winter,Transplanting,400.0,70.2,0.0,81.45,99.55000000000001,90.5,1.375,0.0,0.0
28,Winter,Watering,400.0,70.2,6.24999999,13.575,31.674999999999997,22.625,1.375,0.008552271469622333,2.6460874119686187e-05
28,Winter,Weeding,400.0,70.2,0.0,81.45,99.55000000000001,90.5,1.375,0.0,0.0
29,Spring,Harvesting,400.0,86.9,0.0,13.575,31.674999999999997,22.625,1.375,0.0,0.0
29,Spring,Preparing beds,400.0,86.9,40.0,36.2,54.3,45.25,1.375,0.05473453749315819,0.00027360970180699556
29,Spring,Seeding,400.0,86.9,12.0,36.2,54.3,45.25,1.375,0.016420361247947456,8.208291054209866e-05
29,Spring,Transplanting,400.0,86.9,24.0,81.45,99.55000000000001,90.5,1.375,0.03284072249589491,0.00032833164216839464
29,Spring,Watering,400.0,86.9,16.0,13.575,31.674999999999997,22.625,1.375,0.021893814997263273,5.472194036139911e-05
29,Spring,Weeding,400.0,86.9,15.0,81.45,99.55000000000001,90.5,1.375,0.02052545155993432,0.00020520727635524669
29,Winter,Harvesting,400.0,86.9,0.0,13.575,31.674999999999997,22.625,1.375,0.0,0.0
29,Winter,Preparing beds,400.0,86.9,12.0,36.2,54.3,45.25,1.375,0.016420361247947456,8.208291054209866e-05
29,Winter,Seeding,400.0,86.9,0.0,36.2,54.3,45.25,1.375,0.0,0.0
29,Winter,Transplanting,400.0,86.9,0.0,81.45,99.55000000000001,90.5,1.375,0.0,0.0
29,Winter,Watering,400.0,86.9,0.0,13.575,31.674999999999997,22.625,1.375,0.0,0.0
29,Winter,Weeding,400.0,86.9,6.0,81.45,99.55000000000001,90.5,1.375,0.008210180623973728,8.208291054209866e-05
30,Spring,Harvesting,400.0,87.8,10.0,13.575,31.674999999999997,22.625,1.375,0.013683634373289547,3.385063081866162e-05
30,Spring,Preparing beds,400.0,87.8,40.0,36.2,54.3,45.25,1.375,0.05473453749315819,0.00027080504654929295
30,Spring,Seeding,400.0,87.8,10.0,36.2,54.3,45.25,1.375,0.013683634373289547,6.770126163732324e-05
30,Spring,Transplanting,400.0,87.8,8.0,81.45,99.55000000000001,90.5,1.375,0.010946907498631636,0.00010832201861971715
30,Spring,Watering,400.0,87.8,8.0,13.575,31.674999999999997,22.625,1.375,0.010946907498631636,2.7080504654929287e-05
30,Spring,Weeding,400.0,87.8,21.0,81.45,99.55000000000001,90.5,1.375,0.02873563218390805,0.0002843452988767576
30,Summer,Harvesting,400.0,87.8,15.0,13.575,31.674999999999997,22.625,1.375,0.02052545155993432,5.077594622799242e-05
30,Summer,Preparing beds,400.0,87.8,10.5,36.2,54.3,45.25,1.375,0.014367816091954025,7.10863247191894e-05
30,Summer,Seeding,400.0,87.8,3.0,36.2,54.3,45.25,1.375,0.004105090311986864,2.031037849119697e-05
30,Summer,Transplanting,400.0,87.8,0.0,81.45,99.55000000000001,90.5,1.375,0.0,0.0
30,Summer,Watering,400.0,87.8,40.0,13.575,31.674999999999997,22.625,1.375,0.05473453749315819,0.00013540252327464648
30,Summer,Weeding,400.0,87.8,10.0,81.45,99.55000000000001,90.5,1.375,0.013683634373289547,0.00013540252327464648
30,Fall,Harvesting,400.0,87.8,2.0,13.575,31.674999999999997,22.625,1.375,0.002736726874657909,6.770126163732322e-06
30,Fall,Preparing beds,400.0,87.8,21.0,36.2,54.3,45.25,1.375,0.02873563218390805,0.0001421726494383788
30,Fall,Seeding,400.0,87.8,0.0,36.2,54.3,45.25,1.375,0.0,0.0
30,Fall,Transplanting,400.0,87.8,8.0,81.45,99.55000000000001,90.5,1.375,0.010946907498631636,0.00010832201861971715
30,Fall,Watering,400.0,87.8,0.0,13.575,31.674999999999997,22.625,1.375,0.0,0.0
30,Fall,Weeding,400.0,87.8,12.0,81.45,99.55000000000001,90.5,1.375,0.016420361247947456,0.00016248302792957575
30,Winter,Harvesting,400.0,87.8,0.0,13.575,31.674999999999997,22.625,1.375,0.0,0.0
30,Winter,Preparing beds,400.0,87.8,0.0,36.2,54.3,45.25,1.375,0.0,0.0
30,Winter,Seeding,400.0,87.8,0.0,36.2,54.3,45.25,1.375,0.0,0.0
30,Winter,Transplanting,400.0,87.8,0.0,81.45,99.55000000000001,90.5,1.375,0.0,0.0
30,Winter,Watering,400.0,87.8,0.0,13.575,31.674999999999997,22.625,1.375,0.0,0.0
30,Winter,Weeding,400.0,87.8,0.0,81.45,99.55000000000001,90.5,1.375,0.0,0.0
31,Spring,Harvesting,400.0,73.9,32.0,13.575,31.674999999999997,22.625,1.375,0.043787629994526546,0.00012869652550488722
31,Spring,Preparing beds,400.0,73.9,10.0,36.2,54.3,45.25,1.375,0.013683634373289547,8.043532844055451e-05
31,Spring,Seeding,400.0,73.9,2.25,36.2,54.3,45.25,1.375,0.003078817733990148,1.809794889912477e-05
31,Spring,Transplanting,400.0,73.9,12.5,81.45,99.55000000000001,90.5,1.375,0.017104542966611933,0.0002010883211013863
31,Spring,Watering,400.0,73.9,45.0,13.575,31.674999999999997,22.625,1.375,0.06157635467980296,0.00018097948899124764
31,Spring,Weeding,400.0,73.9,54.0,81.45,99.55000000000001,90.5,1.375,0.07389162561576355,0.0008687015471579888
31,Summer,Harvesting,400.0,73.9,24.0,13.575,31.674999999999997,22.625,1.375,0.03284072249589491,9.65223941286654e-05
31,Summer,Preparing beds,400.0,73.9,0.0,36.2,54.3,45.25,1.375,0.0,0.0
31,Summer,Seeding,400.0,73.9,0.0,36.2,54.3,45.25,1.375,0.0,0.0
31,Summer,Transplanting,400.0,73.9,1.0,81.45,99.55000000000001,90.5,1.375,0.0013683634373289546,1.6087065688110903e-05
31,Summer,Watering,400.0,73.9,24.0,13.575,31.674999999999997,22.625,1.375,0.03284072249589491,9.65223941286654e-05
31,Summer,Weeding,400.0,73.9,24.0,81.45,99.55000000000001,90.5,1.375,0.03284072249589491,0.0003860895765146616
31,Winter,Harvesting,400.0,73.9,4.0,13.575,31.674999999999997,22.625,1.375,0.005473453749315818,1.6087065688110903e-05
31,Winter,Preparing beds,400.0,73.9,18.0,36.2,54.3,45.25,1.375,0.024630541871921183,0.00014478359119299815
31,Winter,Seeding,400.0,73.9,0.0,36.2,54.3,45.25,1.375,0.0,0.0
31,Winter,Transplanting,400.0,73.9,0.0,81.45,99.55000000000001,90.5,1.375,0.0,0.0
31,Winter,Watering,400.0,73.9,0.0,13.575,31.674999999999997,22.625,1.375,0.0,0.0
31,Winter,Weeding,400.0,73.9,10.0,81.45,99.55000000000001,90.5,1.375,0.013683634373289547,0.00016087065688110902
32,Fall,Harvesting,400.0,73.6,8.0,13.575,31.674999999999997,22.625,1.375,0.010946907498631636,3.230527593346185e-05
32,Fall,Preparing beds,400.0,73.6,40.0,36.2,54.3,45.25,1.375,0.05473453749315819,0.0003230527593346185
32,Fall,Seeding,400.0,73.6,8.0,36.2,54.3,45.25,1.375,0.010946907498631636,6.46105518669237e-05
32,Fall,Transplanting,400.0,73.6,8.0,81.45,99.55000000000001,90.5,1.375,0.010946907498631636,0.0001292211037338474
32,Fall,Watering,400.0,73.6,25.0,13.575,31.674999999999997,22.625,1.375,0.034209085933223866,0.00010095398729206827
32,Fall,Weeding,400.0,73.6,20.0,81.45,99.55000000000001,90.5,1.375,0.027367268746579094,0.0003230527593346185
32,Spring,Harvesting,400.0,73.6,7.5,13.575,31.674999999999997,22.625,1.375,0.01026272577996716,3.0286196187620485e-05
32,Spring,Preparing beds,400.0,73.6,40.0,36.2,54.3,45.25,1.375,0.05473453749315819,0.0003230527593346185
32,Spring,Seeding,400.0,73.6,10.0,36.2,54.3,45.25,1.375,0.013683634373289547,8.076318983365463e-05
32,Spring,Transplanting,400.0,73.6,40.0,81.45,99.55000000000001,90.5,1.375,0.05473453749315819,0.000646105518669237
32,Spring,Watering,400.0,73.6,30.0,13.575,31.674999999999997,22.625,1.375,0.04105090311986864,0.00012114478475048194
32,Spring,Weeding,400.0,73.6,40.0,81.45,99.55000000000001,90.5,1.375,0.05473453749315819,0.000646105518669237
32,Winter,Harvesting,400.0,73.6,0.75,13.575,31.674999999999997,22.625,1.375,0.001026272577996716,3.0286196187620475e-06
32,Winter,Preparing beds,400.0,73.6,18.0,36.2,54.3,45.25,1.375,0.024630541871921183,0.0001453737417005783
32,Winter,Seeding,400.0,73.6,0.0,36.2,54.3,45.25,1.375,0.0,0.0
32,Winter,Transplanting,400.0,73.6,4.5,81.45,99.55000000000001,90.5,1.375,0.006157635467980296,7.268687085028915e-05
32,Winter,Watering,400.0,73.6,15.0,13.575,31.674999999999997,22.625,1.375,0.02052545155993432,6.057239237524097e-05
32,Winter,Weeding,400.0,73.6,5.0,81.45,99.55000000000001,90.5,1.375,0.0068418171866447735,8.076318983365463e-05
33,Fall,Harvesting,400.0,72.7,6.0,13.575,31.674999999999997,22.625,1.375,0.008210180623973728,2.4528902772037044e-05
33,Fall,Preparing beds,400.0,72.7,15.0,36.2,54.3,45.25,1.375,0.02052545155993432,0.00012264451386018526
33,Fall,Seeding,400.0,72.7,0.5,36.2,54.3,45.25,1.375,0.0006841817186644773,4.088150462006175e-06
33,Fall,Transplanting,400.0,72.7,0.0,81.45,99.55000000000001,90.5,1.375,0.0,0.0
33,Fall,Watering,400.0,72.7,0.0,13.575,31.674999999999997,22.625,1.375,0.0,0.0
33,Fall,Weeding,400.0,72.7,4.0,81.45,99.55000000000001,90.5,1.375,0.005473453749315818,6.54104073920988e-05
33,Winter,Harvesting,400.0,72.7,0.0,13.575,31.674999999999997,22.625,1.375,0.0,0.0
33,Winter,Preparing beds,400.0,72.7,12.0,36.2,54.3,45.25,1.375,0.016420361247947456,9.811561108814817e-05
33,Winter,Seeding,400.0,72.7,0.0,36.2,54.3,45.25,1.375,0.0,0.0
33,Winter,Transplanting,400.0,72.7,0.0,81.45,99.55000000000001,90.5,1.375,0.0,0.0
33,Winter,Watering,400.0,72.7,0.0,13.575,31.674999999999997,22.625,1.375,0.0,0.0
33,Winter,Weeding,400.0,72.7,4.0,81.45,99.55000000000001,90.5,1.375,0.005473453749315818,6.54104073920988e-05
34,Summer,Harvesting,400.0,86.9,108.0,13.575,31.674999999999997,22.625,1.375,0.1477832512315271,0.00036937309743944403
34,Summer,Preparing beds,400.0,86.9,0.0,36.2,54.3,45.25,1.375,0.0,0.0
34,Summer,Seeding,400.0,86.9,0.0,36.2,54.3,45.25,1.375,0.0,0.0
34,Summer,Transplanting,400.0,86.9,0.0,81.45,99.55000000000001,90.5,1.375,0.0,0.0
34,Summer,Watering,400.0,86.9,10.0,13.575,31.674999999999997,22.625,1.375,0.013683634373289547,3.4201212725874445e-05
34,Summer,Weeding,400.0,86.9,18.75,81.45,99.55000000000001,90.5,1.375,0.025656814449917898,0.00025650909544405834
34,Winter,Harvesting,400.0,86.9,128.0,13.575,31.674999999999997,22.625,1.375,0.17515051997810618,0.00043777552289119286
34,Winter,Preparing beds,400.0,86.9,0.0,36.2,54.3,45.25,1.375,0.0,0.0
34,Winter,Seeding,400.0,86.9,0.0,36.2,54.3,45.25,1.375,0.0,0.0
34,Winter,Transplanting,400.0,86.9,0.0,81.45,99.55000000000001,90.5,1.375,0.0,0.0
34,Winter,Watering,400.0,86.9,0.0,13.575,31.674999999999997,22.625,1.375,0.0,0.0
34,Winter,Weeding,400.0,86.9,2.0,81.45,99.55000000000001,90.5,1.375,0.002736726874657909,2.7360970180699554e-05
35,Summer,Harvesting,400.0,72.7,8.0,13.575,31.674999999999997,22.625,1.375,0.010946907498631636,3.27052036960494e-05
35,Summer,Preparing beds,400.0,72.7,0.0,36.2,54.3,45.25,1.375,0.0,0.0
35,Summer,Seeding,400.0,72.7,1.0,36.2,54.3,45.25,1.375,0.0013683634373289546,8.17630092401235e-06
35,Summer,Transplanting,400.0,72.7,1.0,81.45,99.55000000000001,90.5,1.375,0.0013683634373289546,1.63526018480247e-05
35,Summer,Watering,400.0,72.7,0.1666,13.575,31.674999999999997,22.625,1.375,0.00022796934865900383,6.810858669702287e-07
35,Summer,Weeding,400.0,72.7,5.0,81.45,99.55000000000001,90.5,1.375,0.0068418171866447735,8.176300924012351e-05
35,Fall,Harvesting,400.0,72.7,27.0,13.575,31.674999999999997,22.625,1.375,0.03694581280788178,0.00011038006247416672
35,Fall,Preparing beds,400.0,72.7,10.0,36.2,54.3,45.25,1.375,0.013683634373289547,8.176300924012351e-05
35,Fall,Seeding,400.0,72.7,4.5,36.2,54.3,45.25,1.375,0.006157635467980296,3.679335415805558e-05
35,Fall,Transplanting,400.0,72.7,2.0,81.45,99.55000000000001,90.5,1.375,0.002736726874657909,3.27052036960494e-05
35,Fall,Watering,400.0,72.7,5.0,13.575,31.674999999999997,22.625,1.375,0.0068418171866447735,2.044075231003088e-05
35,Fall,Weeding,400.0,72.7,1.0,81.45,99.55000000000001,90.5,1.375,0.0013683634373289546,1.63526018480247e-05
35,Winter,Harvesting,400.0,72.7,2.0,13.575,31.674999999999997,22.625,1.375,0.002736726874657909,8.17630092401235e-06
35,Winter,Preparing beds,400.0,72.7,0.0,36.2,54.3,45.25,1.375,0.0,0.0
35,Winter,Seeding,400.0,72.7,0.0,36.2,54.3,45.25,1.375,0.0,0.0
35,Winter,Transplanting,400.0,72.7,0.0,81.45,99.55000000000001,90.5,1.375,0.0,0.0
35,Winter,Watering,400.0,72.7,7.5,13.575,31.674999999999997,22.625,1.375,0.01026272577996716,3.0661128465046316e-05
35,Winter,Weeding,400.0,72.7,0.0,81.45,99.55000000000001,90.5,1.375,0.0,0.0
36,Summer,Harvesting,400.0,84.0,45.0,13.575,31.674999999999997,22.625,1.375,0.06157635467980296,0.0001592188599577762
36,Summer,Preparing beds,400.0,84.0,0.0,36.2,54.3,45.25,1.375,0.0,0.0
36,Summer,Seeding,400.0,84.0,8.0,36.2,54.3,45.25,1.375,0.010946907498631636,5.6611150207209325e-05
36,Summer,Transplanting,400.0,84.0,0.0,81.45,99.55000000000001,90.5,1.375,0.0,0.0
36,Summer,Watering,400.0,84.0,75.0,13.575,31.674999999999997,22.625,1.375,0.10262725779967159,0.0002653647665962937
36,Summer,Weeding,400.0,84.0,24.0,81.45,99.55000000000001,90.5,1.375,0.03284072249589491,0.0003396669012432559
37,Fall,Harvesting,400.0,84.0,13.5,13.575,31.674999999999997,22.625,1.375,0.01847290640394089,4.7765657987332874e-05
37,Fall,Preparing beds,400.0,84.0,0.0,36.2,54.3,45.25,1.375,0.0,0.0
37,Fall,Seeding,400.0,84.0,1.0,36.2,54.3,45.25,1.375,0.0013683634373289546,7.076393775901166e-06
37,Fall,Transplanting,400.0,84.0,0.25,81.45,99.55000000000001,90.5,1.375,0.00034209085933223864,3.538196887950583e-06
37,Fall,Watering,400.0,84.0,2.5,13.575,31.674999999999997,22.625,1.375,0.0034209085933223867,8.845492219876458e-06
37,Fall,Weeding,400.0,84.0,0.0,81.45,99.55000000000001,90.5,1.375,0.0,0.0
38,Fall,Harvesting,400.0,70.2,120.0,13.575,31.674999999999997,22.625,1.375,0.16420361247947457,0.000508048783910853
38,Fall,Preparing beds,400.0,70.2,20.0,36.2,54.3,45.25,1.375,0.027367268746579094,0.00016934959463695096
38,Fall,Seeding,400.0,70.2,10.0,36.2,54.3,45.25,1.375,0.013683634373289547,8.467479731847548e-05
38,Fall,Transplanting,400.0,70.2,9.0,81.45,99.55000000000001,90.5,1.375,0.012315270935960592,0.00015241463517325586
38,Fall,Watering,400.0,70.2,30.0,13.575,31.674999999999997,22.625,1.375,0.04105090311986864,0.00012701219597771325
38,Fall,Weeding,400.0,70.2,30.0,81.45,99.55000000000001,90.5,1.375,0.04105090311986864,0.000508048783910853
38,Winter,Harvesting,400.0,70.2,4.0,13.575,31.674999999999997,22.625,1.375,0.005473453749315818,1.6934959463695096e-05
38,Winter,Preparing beds,400.0,70.2,0.0,36.2,54.3,45.25,1.375,0.0,0.0
38,Winter,Seeding,400.0,70.2,14.0,36.2,54.3,45.25,1.375,0.019157088122605366,0.00011854471624586569
38,Winter,Transplanting,400.0,70.2,0.0,81.45,99.55000000000001,90.5,1.375,0.0,0.0
38,Winter,Watering,400.0,70.2,8.0,13.575,31.674999999999997,22.625,1.375,0.010946907498631636,3.386991892739019e-05
38,Winter,Weeding,400.0,70.2,0.0,81.45,99.55000000000001,90.5,1.375,0.0,0.0
